character_details_id,first_appearance,based_on,adapted_by,portrayed_by,voiced_by,alias,title,occupation,affiliation,weapon,significant_others,nationality,char_name,full_name,aliases,nicknames,origin,family,spouse,children,nickname,relatives,last_appearance,created_by,species,significant_other,motion_capture_by,publisher,alter_ego,team_affiliations,notable_aliases,abilities,position,partnerships,place_of_origin,supporting_character_of,home,schedule,format,genre,publication_date,number_of_issues,writer,penciller,creators,gender,written_by,inker,colorist,editor
1,"The Incredible Hulk (2008)","Hulkby Stan LeeJack Kirby","Zak Penn","
Edward Norton (2008; The Incredible Hulk)
Mark Ruffalo (2012–present)
","Lou Ferrigno (2008–2017)","
Hulk
Mr. Green
","
Doctor
Champion of Sakaar
","
Avenger
Gladiator
Biochemist
Nuclear physicist
Professor
Consultant for S.H.I.E.L.D.
","
Avengers
Culver University
Revengers
S.H.I.E.L.D.
","
Hulkbuster armor
Nano Gauntlet
","
Betty Ross[a]
Natasha Romanoff[b]
",American,"Bruce Banner",NULL,NULL,NULL,NULL,NULL,NULL,NULL,NULL,NULL,NULL,NULL,NULL,NULL,NULL,NULL,NULL,NULL,NULL,NULL,NULL,NULL,NULL,NULL,NULL,NULL,NULL,NULL,NULL,NULL,NULL,NULL,NULL,NULL,NULL,NULL,NULL,NULL
2,"Captain America:  The First Avenger (2011)","Bucky Barnesby Joe SimonJack Kirby","Christopher MarkusStephen McFeely","Sebastian Stan",NULL,NULL,"Sergeant (U.S. Army)","
Assassin
Soldier
","
Hydra
Soviet Union
Howling Commandos
Strategic Scientific Reserve
United States Army
","
Metal prosthetic arms[1]
Captain America's shield
Various firearms
Grenade launcher
",NULL,American,"Bucky Barnes","James Buchanan Bucky Barnes","
Winter Soldier
White Wolf
","
Bucky
Buck
","Brooklyn, New York, United States",NULL,NULL,NULL,NULL,NULL,NULL,NULL,NULL,NULL,NULL,NULL,NULL,NULL,NULL,NULL,NULL,NULL,NULL,NULL,NULL,NULL,NULL,NULL,NULL,NULL,NULL,NULL,NULL,NULL,NULL,NULL,NULL,NULL
3,"Thor (2011)","Hawkeyeby Stan LeeDon Heck","
J. Michael Straczynski
Mark Protosevich
Ashley Miller
Zack Stentz
Don Payne
","Jeremy Renner",NULL,"
Hawkeye
Ronin
",NULL,"
Avenger
Vigilante
Agent of S.H.I.E.L.D.
","
Avengers
S.H.I.E.L.D.
S.T.R.I.K.E.[1]
","
Bow and quiver; Compound and Recurve bows[2]
Wristbow
Retractable katana[3] (as Ronin)
Shuriken (as Ronin)
Combat knives
Collapsible baton
Various trick arrows
Various firearms
",NULL,American,"Clint Barton","Clinton Francis Barton",NULL,NULL,NULL,"Edith Barton (mother)","Laura Barton","
Cooper Barton
Lila Barton
Nathaniel Barton
",NULL,NULL,NULL,NULL,NULL,NULL,NULL,NULL,NULL,NULL,NULL,NULL,NULL,NULL,NULL,NULL,NULL,NULL,NULL,NULL,NULL,NULL,NULL,NULL,NULL,NULL,NULL,NULL,NULL,NULL
4,"Captain America: The First Avenger (2011)","Peggy Carterby Stan LeeJack Kirby","Christopher MarkusStephen McFeely","
Hayley Atwell
Gabriella Graves (young)
",NULL,NULL,NULL,"
Special agent
Director of S.H.I.E.L.D.
","
S.H.I.E.L.D.
Strategic Scientific Reserve
MI6
",NULL,"
Fred Wells (ex-fiancé)
Daniel Sousa (ex-boyfriend)
Jason Wilkes (ex-boyfriend)
",British,"Peggy Carter","Margaret Carter",NULL,NULL,NULL,"
Amanda Carter (mother)
Michael Carter (brother)
","Steve Rogers[a]",2,Peggy,"Sharon Carter (niece)",NULL,NULL,NULL,NULL,NULL,NULL,NULL,NULL,NULL,NULL,NULL,NULL,NULL,NULL,NULL,NULL,NULL,NULL,NULL,NULL,NULL,NULL,NULL,NULL,NULL,NULL,NULL,NULL
5,"Iron Man (2008)",NULL,NULL,"Clark Gregg",NULL,NULL,NULL,"S.H.I.E.L.D. agentS.H.I.E.L.D. director",S.H.I.E.L.D.,NULL,"Audrey NathanRosalind PriceMelinda May",American,"Phil Coulson","Phillip J. Coulson[1]",NULL,NULL,NULL,NULL,NULL,NULL,NULL,NULL,"What If... Thor Were an Only Child? (2021)","Mark FergusHawk OstbyArt MarcumMatt Holloway","
Human
Life Model Decoy
",NULL,NULL,NULL,NULL,NULL,NULL,NULL,NULL,NULL,NULL,NULL,NULL,NULL,NULL,NULL,NULL,NULL,NULL,NULL,NULL,NULL,NULL,NULL,NULL,NULL
6,"Captain Marvel (2019)","Carol Danversby Roy ThomasGene Colan","
Anna Boden
Ryan Fleck
Geneva Robertson-Dworet
Nicole Perlman
Meg LeFauve
","
Brie Larson
Mckenna Grace (13 years old)
London Fuller (6 years old)
","Alexandra Daniels (What If...?)[1]",NULL,Captain,"
Avenger[b]
Starforce warrior
Fighter pilot
","
Avengers
Skrulls
Kree Empire
Starforce
United States Air Force
",NULL,NULL,NULL,"Carol Danvers",NULL,"
Captain Marvel
Vers
Avenger[a]
",NULL,NULL,NULL,NULL,NULL,NULL,NULL,NULL,NULL,"Human–Kree hybrid",NULL,NULL,NULL,NULL,NULL,NULL,NULL,NULL,NULL,NULL,NULL,NULL,NULL,NULL,NULL,NULL,NULL,NULL,NULL,NULL,NULL,NULL,NULL,NULL,NULL
7,"Guardians of the Galaxy (2014)","Drax the Destroyerby Jim Starlin","
James Gunn
Nicole Perlman
","Dave Bautista","Fred Tatasciore (What If...?)[1]","Drax the Destroyer",NULL,NULL,"Guardians of the Galaxy","
Dual knives
Various weapons including the Hadron Enforcer[2]
",NULL,NULL,Drax,Drax,NULL,NULL,NULL,NULL,Hovat,"Kamaria (daughter)",NULL,NULL,NULL,NULL,Unknown,NULL,NULL,NULL,NULL,NULL,NULL,NULL,NULL,NULL,NULL,NULL,NULL,NULL,NULL,NULL,NULL,NULL,NULL,NULL,NULL,NULL,NULL,NULL,NULL,NULL
8,"Iron Man (2008)","
Nick Furyby Stan Lee    Jack Kirby
Ultimate Nick Furyby Brian Michael Bendis    Mike Allred
","
Mark FergusHawk Ostby
Art MarcumMatt Holloway
","Samuel L. Jackson",NULL,NULL,"
Director
Colonel (U.S. Army)
","
Director of S.H.I.E.L.D.
Agent of S.H.I.E.L.D.
CIA agent
Soldier
","
Avengers
Central Intelligence Agency
S.H.I.E.L.D.
Skrulls
United States Army
",NULL,NULL,American,"Nick Fury","Nicholas Joseph Fury",NULL,NULL,NULL,NULL,NULL,NULL,NULL,NULL,NULL,NULL,NULL,NULL,NULL,NULL,NULL,NULL,NULL,NULL,NULL,NULL,NULL,NULL,NULL,NULL,NULL,NULL,NULL,NULL,NULL,NULL,NULL,NULL,NULL,NULL,NULL,NULL
9,"Guardians of the Galaxy (2014)","Gamoraby Jim Starlin","
James Gunn
Nicole Perlman
","
Zoe Saldaña
Ariana Greenblatt (young)
","Cynthia McWilliams (What If...?)[1]",NULL,NULL,"
Guardian
Assassin
Warlord (What If...?)
","
Guardians of the Galaxy
Children of Thanos
Guardians of the Multiverse (What If...?)[3]
","
Godslayer sword[4]
Bejeweled knife
Various firearms and bladed weapons
Double-edged blade (What If...?)
",NULL,NULL,Gamora,Gamora,NULL,NULL,NULL,"
Thanos (adoptive father)
Nebula (adoptive sister)
Corvus Glaive (adoptive brother)
Cull Obsidian (adoptive brother)
Ebony Maw (adoptive brother)
Proxima Midnight (adoptive sister)
",NULL,NULL,"Fiercest Woman in the Galaxy",NULL,NULL,NULL,Zehoberi[2],"Peter Quill[a]",NULL,NULL,NULL,NULL,NULL,NULL,NULL,NULL,NULL,NULL,NULL,NULL,NULL,NULL,NULL,NULL,NULL,NULL,NULL,NULL,NULL,NULL,NULL,NULL
10,"Guardians of the Galaxy (2014)","Grootby Stan LeeLarry LieberJack Kirby","
James Gunn
Nicole Perlman
",NULL,"Vin Diesel","Baby Groot",NULL,"
Guardian of the Galaxy
Bounty hunter (Adult Groot)
","Guardians of the Galaxy",NULL,NULL,NULL,Groot,NULL,NULL,"
Tree
Twig
",NULL,"Rocket (adoptive father; Young Groot)",NULL,NULL,NULL,NULL,NULL,NULL,"Flora colossus",NULL,"Vin DieselKrystian GodlewskiSean GunnJames GunnTerry Notary",NULL,NULL,NULL,NULL,NULL,NULL,NULL,NULL,NULL,NULL,NULL,NULL,NULL,NULL,NULL,NULL,NULL,NULL,NULL,NULL,NULL,NULL,NULL
11,"The Eternals #1 (July 1976)",NULL,NULL,NULL,NULL,NULL,NULL,NULL,NULL,NULL,NULL,NULL,Ikaris,NULL,NULL,NULL,NULL,NULL,NULL,NULL,NULL,NULL,NULL,"Jack Kirby",NULL,NULL,NULL,"Marvel Comics",Ikaris,EternalsUCWF,"Iceberg Ike Harris, Sovereign, Isaac Ike Harris, Daedalus","
Superhuman strength, speed, stamina, agility, reflexes and durability
Cosmic energy transmutation
Regeneration
Flight
Heat vision
Psionic abilities
Teleportation
",NULL,NULL,NULL,NULL,NULL,NULL,NULL,NULL,NULL,NULL,NULL,NULL,NULL,NULL,NULL,NULL,NULL,NULL
12,"Ant-Man (2015)","Ant-Manby David MichelinieJohn Byrne","
Edgar Wright
Joe Cornish
Adam McKay
Paul Rudd
","
Paul Rudd
Jackson Dunn (young)
Lee Moore (old)
Bazlo LeClair (baby)
Loen LeClair (baby)
",NULL,Ant-Man,NULL,"
Avenger
Electrical engineer
Thief
Baskin-Robbins server
","
Avengers
X-Con Security Consultants
Baskin-Robbins
VistaCorp
",NULL,NULL,American,"Scott Lang","Scott Lang",NULL,NULL,"San Francisco, California, United States",NULL,"Maggie Lang (ex-wife)","Cassie Lang (daughter)",NULL,NULL,NULL,NULL,NULL,"Hope van Dyne",NULL,NULL,NULL,NULL,NULL,NULL,NULL,NULL,NULL,NULL,NULL,NULL,NULL,NULL,NULL,NULL,NULL,NULL,NULL,NULL,NULL,NULL,NULL,NULL
13,"Thor (2011)","Lokiby Stan LeeLarry LieberJack Kirby","
Ashley Miller
Zack Stentz
Don Payne
J. Michael Straczynski
Mark Protosevich
","
Tom Hiddleston
Ted Allpress (young; Thor)
",NULL,NULL,NULL,NULL,"
Chitauri
Revengers
Time Variance Authority (2012 variant)
","
Daggers and throwing knives
Scepter (Mind Stone)
Tesseract (Space Stone)
Gungnir[4]
",NULL,Asgardian,Loki,"
Loki Laufeyson[1]
Loki Odinson (adoptive)
Loki Friggason (adoptive)
","
God of Mischief[2][3]
D. B. Cooper
Variant L1130 (2012 variant)
",NULL,Jotunheim,"
Laufey (biological father)
Odin (adoptive father)
Frigga (adoptive mother)
Hela (adoptive sister)
Thor (adoptive brother)
",NULL,NULL,NULL,NULL,NULL,NULL,"Frost Giant",NULL,NULL,NULL,NULL,NULL,NULL,NULL,"
Prince of Asgard
King of Asgard (disguised as Odin)
",NULL,NULL,NULL,NULL,NULL,NULL,NULL,NULL,NULL,NULL,NULL,NULL,NULL,NULL,NULL,NULL,NULL
14,"The Avengers #112 (June 1973)",NULL,NULL,NULL,NULL,NULL,NULL,NULL,NULL,NULL,NULL,NULL,Mantis,NULL,NULL,NULL,NULL,NULL,NULL,NULL,NULL,NULL,NULL,"Steve Englehart (writer)Don Heck (artist)",NULL,NULL,NULL,"Marvel Comics",NULL,"Guardians of the GalaxyAvengersKnowhere Corps","WillowLoreleiMandy CelestineCelestial Madonna","Master martial artistEmpathyPlant manipulationAccelerated healingAstral projectionAbility to communicate telepathically with the CotatiEnergy projection",NULL,"Swordsman, Kang the Conqueror, Vision",NULL,NULL,NULL,NULL,NULL,NULL,NULL,NULL,NULL,NULL,NULL,NULL,NULL,NULL,NULL,NULL
15,"Captain America:  The Winter Soldier (2014)","Scarlet Witchby Stan LeeJack Kirby","Joss Whedon","
Elizabeth Olsen
Michaela Russell (young)
",NULL,NULL,"Scarlet Witch",NULL,"
Avengers
Hydra
","
Chaos magic[1][2]
Darkhold
",NULL,Sokovian,"Wanda Maximoff",NULL,NULL,NULL,Sokovia,"
Olek Maximoff (father)
Iryna Maximoff (mother)
Pietro Maximoff (brother)
",NULL,"
Billy and Tommy Maximoff[b]
",NULL,NULL,NULL,NULL,NULL,Vision[a],NULL,NULL,NULL,NULL,NULL,NULL,NULL,NULL,NULL,NULL,NULL,NULL,NULL,NULL,NULL,NULL,NULL,NULL,NULL,NULL,NULL,NULL,NULL,NULL
16,"Guardians of the Galaxy (2014)","Nebulaby Roger SternJohn Buscema","
James Gunn
Nicole Perlman
","Karen Gillan",NULL,NULL,NULL,NULL,"
Avengers[2]
Guardians of the Galaxy
Children of Thanos
Ravagers (What If...?)
","Electroshock batons[3]",NULL,NULL,Nebula,Nebula,NULL,NULL,NULL,"
Thanos (adoptive father)
Gamora (adoptive sister)
Corvus Glaive (adoptive brother)
Cull Obsidian (adoptive brother)
Ebony Maw (adoptive brother)
Proxima Midnight (adoptive sister)
",NULL,NULL,"Blue Meanie[1]",NULL,NULL,NULL,Luphomoid,NULL,NULL,NULL,NULL,NULL,NULL,NULL,NULL,NULL,NULL,NULL,NULL,NULL,NULL,NULL,NULL,NULL,NULL,NULL,NULL,NULL,NULL,NULL,NULL,NULL
17,"Black Panther #1 (November 1998)",NULL,NULL,NULL,NULL,NULL,NULL,NULL,NULL,NULL,NULL,NULL,Okoye,NULL,NULL,NULL,NULL,NULL,NULL,NULL,NULL,NULL,NULL,"Christopher PriestMark Texeira",NULL,NULL,NULL,"Marvel Comics",NULL,"Dora MilajeAgents of WakandaAvengers",NULL,"
Master martial artist and hand-to-hand combatant
Master tactician, strategist, and field commander
",NULL,NULL,"Wakanda, Africa","Black Panther",NULL,NULL,NULL,NULL,NULL,NULL,NULL,NULL,NULL,NULL,NULL,NULL,NULL,NULL
18,"Captain America: Civil War (2016)","Spider-Manby Stan LeeSteve Ditko","Christopher MarkusStephen McFeely","Tom Holland","Hudson Thames (What If...?)",NULL,NULL,"
Vigilante
Avenger
High school student
Intern
","
Avengers
Stark Industries
","
Web-shooters
Technological glasses
Cloak of Levitation (What If...?)
",NULL,American,"Peter Parker",NULL,"
Spider-Man
Night Monkey
Peter-One
",NULL,"Forest Hills, Queens, New York, United States",NULL,NULL,NULL,NULL,"
May Parker (aunt)
Ben Parker (uncle)[1]
",NULL,NULL,NULL,"Michelle MJ Jones-Watson",NULL,NULL,NULL,NULL,NULL,"
Superhuman strength, speed, reflexes, agility, coordination and balance
Ability to cling to solid surfaces
Accelerated healing
Genius level intellect
Proficient scientist and engineer
Precognitive spider-sense ability
",NULL,NULL,NULL,NULL,NULL,NULL,NULL,NULL,NULL,NULL,NULL,NULL,NULL,NULL,NULL,NULL,NULL,NULL
19,"As Pepper Potts:Tales of Suspense #45 (September 1963)As Rescue:The Invincible Iron Man #10 (May 2009)",NULL,NULL,NULL,NULL,NULL,NULL,NULL,NULL,NULL,NULL,NULL,"Pepper Potts","Virginia Potts",NULL,NULL,NULL,NULL,NULL,NULL,NULL,NULL,NULL,"Pepper Potts:Stan Lee (writer)Robert Bernstein (writer)Don Heck (artist)Rescue:Matt Fraction (writer)Salvador Larroca (artist)",NULL,NULL,NULL,"Marvel Comics",NULL,"The OrderThe InitiativeStark IndustriesAvengers","HeraRescueCoast GuardIron ManIron Woman","
The Stark-tech mag-field generator implanted in her chest which grants her:
Better hearing
Electromagnetic field sensing
As Rescue

Armor which grants her:
Energy projection
Flight
",NULL,NULL,NULL,"Iron Man",NULL,NULL,NULL,NULL,NULL,NULL,NULL,NULL,NULL,NULL,NULL,NULL,NULL,NULL
20,"Guardians of the Galaxy (2014)","Star-Lordby Steve EnglehartSteve Gan","
James Gunn
Nicole Perlman
","
Chris Pratt
Wyatt Oleff (young)
","Brian T. Delaney (What If...?)[1]",Star-Lord,NULL,"
Leader of the Guardians
Mercenary
Smuggler
Janitor (What If...?)
","
Guardians of the Galaxy
Ravagers
Dairy Queen (What If...?)
","
Double-barrel blaster pistol[2]
Various alien gadgets
",NULL,NULL,"Peter Quill","Peter Jason Quill",NULL,NULL,"Missouri, United States","
Meredith Quill (mother)
Ego (biological father)
Yondu Udonta (adoptive father)
",NULL,NULL,"Flash Gordon",NULL,NULL,NULL,"Human–Celestial hybrid",Gamora[a],NULL,NULL,NULL,NULL,NULL,NULL,NULL,NULL,NULL,NULL,NULL,NULL,NULL,NULL,NULL,NULL,NULL,NULL,NULL,NULL,NULL,NULL,NULL,NULL
21,"Iron Man (2008)","War Machineby David MichelinieJohn ByrneBob Layton","
Mark FergusHawk Ostby
Art MarcumMatt Holloway
","
Terrence Howard (2008; Iron Man)
Don Cheadle (2010–present)
",NULL,NULL,"Colonel (U.S. Air Force)","
Avenger
Pilot
Weapons liaison
","
Avengers
Stark Industries
United States Air Force
","War Machine armor",NULL,American,"James Rhodes","James Rhodes","
War Machine
Iron Patriot
",NULL,NULL,NULL,NULL,NULL,Rhodey,NULL,NULL,NULL,NULL,NULL,NULL,NULL,NULL,NULL,NULL,NULL,NULL,NULL,NULL,NULL,NULL,NULL,NULL,NULL,NULL,NULL,NULL,NULL,NULL,NULL,NULL,NULL,NULL,NULL
22,"Guardians of the Galaxy (2014)","Rocket Raccoonby Bill MantloKeith Giffen","
James Gunn
Nicole Perlman
",NULL,"Bradley Cooper",Rocket,NULL,"
Avenger
Bounty hunter
Guardian
","
Avengers
Guardians of the Galaxy
","
Various ion and laser cannons and blasters
Hadron Enforcer[2]
",NULL,NULL,Rocket,89P13,NULL,NULL,NULL,NULL,NULL,"Groot (adoptive son)[3]",Rabbit[1],NULL,NULL,NULL,"Raccoon Halfworlder",NULL,"Sean Gunn",NULL,NULL,NULL,NULL,NULL,NULL,NULL,NULL,NULL,NULL,NULL,NULL,NULL,NULL,NULL,NULL,NULL,NULL,NULL,NULL,NULL,NULL,NULL
23,"Captain America: The First Avenger (2011)","Captain Americaby Joe SimonJack Kirby","Christopher MarkusStephen McFeely","Chris EvansPatrick Gorman (elderly body double)","Chris Evans (film video game)Josh Keaton (What If...?)[1]",NULL,"Captain (later honorary)","
Leader of the Avengers
Grief counselor
Agent of S.H.I.E.L.D.
Soldier
","
Avengers
S.H.I.E.L.D.
S.T.R.I.K.E.
Howling Commandos
Strategic Scientific Reserve
United States Army
","
Captain America's shield
Mjolnir[2]
Dual Wakandan vibranium gauntlets[3]
Various weaponized motorcycles[4]
Colt M1911A1[5]
",NULL,American,"Steve Rogers","Steven Grant Rogers[a]","Captain America",NULL,"Brooklyn, New York, United States","Sarah Rogers (mother)","Peggy Carter[b]",NULL,NULL,NULL,"What If…? (2021)",NULL,NULL,NULL,NULL,NULL,NULL,NULL,NULL,NULL,NULL,NULL,NULL,NULL,NULL,NULL,NULL,NULL,NULL,NULL,NULL,NULL,NULL,NULL,NULL,NULL,NULL,NULL
24,"Iron Man 2 (2010)","Black Widowby Stan LeeDon RicoDon Heck","Justin Theroux","
Scarlett Johansson
Ever Anderson (young; Black Widow)[1]
","Lake Bell (What If...?)[2]",NULL,NULL,"
Leader of the Avengers[a]
Agent of S.H.I.E.L.D.
Assassin
Spy
","
Avengers
Stark Industries
S.H.I.E.L.D.
S.T.R.I.K.E.[3]
KGB
Red Room
","
Various firearms
Dual Glock 26 handguns
Dual batons
Widow's Bite electrified bracelets[4]
",NULL,Russian-American,"Natasha Romanoff","Natalia Alianovna Romanov","
Black Widow
Natalie Rushman
",NULL,"Soviet Union","
Ivan Romanov (father)
Alexei Shostakov (adoptive father)
Melina Vostokoff (adoptive mother)
Yelena Belova (adoptive sister)
",NULL,NULL,Nat,NULL,NULL,NULL,NULL,NULL,NULL,NULL,NULL,NULL,NULL,NULL,NULL,NULL,NULL,NULL,NULL,NULL,NULL,NULL,NULL,NULL,NULL,NULL,NULL,NULL,NULL,NULL,NULL,NULL
25,"As Circe:Strange Tales #109 (June 1963)As Sersi:The Eternals #3 (September 1976)",NULL,NULL,NULL,NULL,NULL,NULL,NULL,NULL,NULL,NULL,NULL,Sersi,NULL,NULL,NULL,NULL,NULL,NULL,NULL,NULL,NULL,NULL,"Stan LeeRobert BernsteinJack Kirby",Eternal,NULL,NULL,"Marvel Comics",Sersi,"EternalsAvengersHeroes for HireNew BreedGod Squad","Circe, Sylvia Sersy, Mesmer, Sorceress","Superhuman strength, speed, agility, reflexes, stamina and durabilityMolecular and atomic manipulationManifest cosmic energy as any form of electromagnetism (heat, light, electricity, etc)TelepathyInvulnerabilityTelekinesisImmortalityFlightTeleportation",NULL,NULL,NULL,NULL,NULL,NULL,NULL,NULL,NULL,NULL,NULL,NULL,NULL,NULL,NULL,NULL,NULL,NULL
26,"Shang-Chi and the Legend of the Ten Rings (2021)","Shang-Chiby Steve EnglehartJim Starlin","
David Callaham
Destin Daniel Cretton
Andrew Lanham
","
Simu Liu
Jayden Tianyi Zhang (young)
Arnold Sun (teenager)
",NULL,Shaun,NULL,"
Assassin
Hotel valet
","
Ten Rings
","
Ten Rings
Dragon scale gun
",NULL,Chinese-American,Shang-Chi,"Xu Shang-Chi",NULL,NULL,NULL,"
Wenwu (father)
Ying Li (mother)
Xialing (sister)
",NULL,NULL,NULL,"Ying Nan (aunt)",NULL,NULL,NULL,NULL,NULL,NULL,NULL,NULL,NULL,NULL,NULL,NULL,NULL,NULL,NULL,NULL,NULL,NULL,NULL,NULL,NULL,NULL,NULL,NULL,NULL,NULL,NULL,NULL
27,"Black Panther (2018)","Shuriby Reginald HudlinJohn Romita Jr.","Ryan Coogler  Joe Robert Cole","Letitia Wright","Ozioma Akagha (What If...?)",NULL,NULL,NULL,"
Avengers
Dora Milaje
Wakandan Army
","Vibranium gauntlets[1]",NULL,Wakandan,Shuri,Shuri,NULL,NULL,NULL,"
T'Chaka (father)
Ramonda (mother)
T'Challa (brother)
",NULL,NULL,NULL,"
N'Jobu (uncle)
N'Jadaka (cousin)
",NULL,NULL,NULL,NULL,NULL,NULL,NULL,NULL,NULL,NULL,NULL,NULL,NULL,NULL,Wakanda,NULL,NULL,NULL,NULL,NULL,NULL,NULL,NULL,NULL,NULL,NULL,NULL,NULL
28,"Werewolf by Night #32 (August 1975)",NULL,NULL,NULL,NULL,NULL,NULL,NULL,NULL,NULL,NULL,NULL,"Moon Knight",NULL,NULL,NULL,NULL,NULL,NULL,NULL,NULL,NULL,NULL,"Doug MoenchDon Perlin",NULL,NULL,NULL,"Marvel Comics","Marc Spector, Steven Grant, Jake Lockley","AvengersSecret AvengersWest Coast AvengersDefendersMidnight SonsMarvel KnightsHeroes for HireUnited States Marine Corps Force Reconnaissance","Fist of KhonshuMr. Knight","Currently:
Expert detective
Proficient in martial arts and armed combat
Utilizes high-tech equipment
Mystical visions
Formerly:

Increased strength, speed, and endurance depending on the lunar cycle
",NULL,NULL,NULL,NULL,NULL,Monthly,"Ongoing series",Superhero,"(vol. 1)November 1980 – July 1984(vol. 2)June – December 1985(Marc Spector: Moon Knight)June 1989 – March 1994(vol. 3)June – December 1998(vol. 4)November – September 1999(vol. 5)July 2006 – April 2008(Vengeance)March 2009 – August 2010","(vol. 1): 38(vol. 2): 6(Marc Spector): 60(vol. 3): 4(vol. 4): 4(vol. 5): 30(Vengeance): 10(vol. 6): 12(vol. 7): 17(vol. 8): 14 (Legacy): 13(vol. 9): ongoing","(vol. 1)Doug Moench (1–15, 17–26, 28–33), Alan Zelenetz (18, 21–22, 27, 32, 36–38), Tony Isabella (34–35)(vol. 2)Alan Zelenetz (1–4)(Marc Spector)Chuck Dixon (1–24, 34), J. M. DeMatteis (26–32), Terry Kavanagh (35–60)(vol. 5)Doug Moench (1–4), Charlie Huston, Mike BensonDoug Moench (1–4)(vol. 6)Brian Michael Bendis(vol. 7)Warren Ellis (1–6), Brian Wood, Cullen Bunn(vol. 8)Jeff Lemire(Legacy)Max Bemis(vol. 9)Jed MacKay","(vol. 1)Bill Sienkiewicz, Kevin Nowlan, Bo Hampton(vol. 2)Chris Warner(Marc Spector)Sal Velluto, Ron Garney, Gary Kwapisz, James Fry, Stephen Platt(vol. 5)David Finch, Mark Texeira, Mico Suayan, Javier Saltares, Jefte Palo(vol. 6)Alex Maleev(vol. 7)Declan Shalvey, Greg Smallwood, Ron Ackins(vol. 8)Greg Smallwood(Legacy)Jacen Burrows, Ty Templeton, Paul Davidson(vol. 9)Alessandro Cappuccio, Federico Sabbatini",NULL,NULL,NULL,NULL,NULL,NULL
29,"Iron Man (2008)","Iron Manby Stan LeeLarry LieberDon HeckJack Kirby","
Mark FergusHawk Ostby
Art MarcumMatt Holloway
","
Robert Downey Jr.
Davin Ransom (young)[1]
","Mick Wingert (What If...?)[2]","Iron Man",NULL,"
Benefactor and leader of the Avengers
Consultant for S.H.I.E.L.D.
CEO of Stark Industries
Weapons manufacturer
","
Avengers
Damage Control
S.H.I.E.L.D.
Stark Industries
","
Iron Man armor
Arc Reactor
Hulkbuster armor
Technological glasses
",NULL,American,"Tony Stark","Anthony Edward Stark[3]",NULL,NULL,"Manhattan, New York, United States","
Howard Stark (father)
Maria Stark (mother)
","Pepper Potts","Morgan Stark (daughter)",NULL,NULL,"What If…? (2021)",NULL,NULL,NULL,NULL,NULL,NULL,NULL,NULL,NULL,NULL,NULL,NULL,NULL,NULL,NULL,NULL,NULL,NULL,NULL,NULL,NULL,NULL,NULL,NULL,NULL,NULL,NULL
30,"Doctor Strange (2016)","Doctor Strangeby Steve DitkoStan Lee","
Jon Spaihts
Scott Derrickson
C. Robert Cargill
","Benedict Cumberbatch (2016–present)",NULL,"Doctor Strange","
Doctor
Guardian of the New York Sanctum
Master of the Mystic Arts
Sorcerer Supreme
",Neurosurgeon,"Masters of the Mystic Arts","
Cloak of Levitation
Eye of Agamotto (Time Stone)[1]
Sling Ring
",NULL,American,"Stephen Strange","Stephen Strange",NULL,NULL,"New York City","Donna (sister)",NULL,NULL,NULL,NULL,NULL,NULL,NULL,NULL,NULL,NULL,NULL,NULL,NULL,NULL,NULL,NULL,NULL,NULL,NULL,NULL,NULL,NULL,NULL,NULL,NULL,NULL,NULL,NULL,NULL,NULL,NULL,NULL
31,"Captain America: Civil War (2016)","Black Pantherby Stan Lee    Jack Kirby","Christopher MarkusStephen McFeely","Chadwick Boseman","Chadwick Boseman",NULL,"
King of Wakanda
Prince of Wakanda
Black Panther
",NULL,"
Dora Milaje
Wakandan Army
","
Vibranium Black Panther suit and retractable claws[1]
",Nakia,Wakandan,T'Challa,T'Challa,NULL,NULL,Wakanda,"
T'Chaka (father)
Ramonda (mother)
Shuri (sister)
",NULL,NULL,NULL,"
N'Jobu (uncle)
N'Jadaka (cousin)
","What If...? (2021)",NULL,NULL,NULL,NULL,NULL,NULL,NULL,NULL,NULL,NULL,NULL,NULL,NULL,NULL,NULL,NULL,NULL,NULL,NULL,NULL,NULL,NULL,NULL,NULL,NULL,NULL,NULL
32,"The Avengers (2012)","Thanosby Jim Starlin","
Zak Penn
Joss Whedon
Christopher MarkusStephen McFeely
","
Josh Brolin (voice and motion-capture)
Damion Poitier (motion-capture; The Avengers)
",NULL,"
The Mad Titan
The Great Titan
",NULL,NULL,"
Children of Thanos
Chitauri
Sakaarans
Outriders
","
Infinity Gauntlet
Double-sided blade[1]
Sanctuary II warship
",NULL,NULL,Thanos,Thanos,NULL,NULL,NULL,"
A'lars (father)
Eros (brother)[2]
",NULL,"
Gamora (adoptive daughter)
Nebula (adoptive daughter)
Corvus Glaive (adoptive son)
Cull Obsidian (adoptive son)
Ebony Maw (adoptive son)
Proxima Midnight (adoptive daughter)
",NULL,NULL,NULL,NULL,Titan,NULL,NULL,NULL,NULL,NULL,NULL,NULL,NULL,NULL,NULL,NULL,"
Titan
Garden
",NULL,NULL,NULL,NULL,NULL,NULL,NULL,NULL,NULL,NULL,NULL,NULL,NULL
33,"Thor (2011)","Thorby Stan Lee    Larry Lieber    Jack Kirby","
Ashley Miller
Zack Stentz
Don Payne
J. Michael Straczynski
Mark Protosevich
","
Chris Hemsworth
Dakota Goyo (young)
",NULL,NULL,"
God of Thunder
King of New Asgard
King of Asgard
Prince of Asgard
",NULL,"
Avengers
Guardians of the Galaxy
Revengers
Kingdom of Asgard
","
Mjolnir
Stormbreaker
",NULL,NULL,Thor,"Thor Odinson","Donald Blake[1]",NULL,Asgard,"
Odin (father)
Frigga (mother)
Hela (half-sister)
Loki (adoptive brother)
",NULL,NULL,NULL,NULL,NULL,NULL,Asgardian,"Jane Foster",NULL,NULL,NULL,NULL,NULL,NULL,NULL,NULL,NULL,NULL,NULL,NULL,NULL,NULL,NULL,NULL,NULL,NULL,NULL,NULL,NULL,NULL,NULL,NULL
34,"The Avengers #83 (December 1970)",NULL,NULL,NULL,NULL,NULL,NULL,NULL,NULL,NULL,NULL,NULL,Valkyrie,NULL,NULL,NULL,NULL,NULL,NULL,NULL,NULL,NULL,NULL,"
Roy Thomas (writer)
John Buscema (artist)
","Asgardian Valkyrie",NULL,NULL,"Marvel Comics",Brunnhilde,"
Valkyrior
Avengers
Secret Avengers
Defenders
","
Samantha Parrington
Barbara Norris(s)
Sian Bowen
Annabelle Riggs
Jane Foster
","
Superhuman strength, endurance, speed, reflexes, agility, durability and longevity.
Invulnerability.
Regenerative Healing Factor.
Mystical teleportation.
Skillful armed and unarmed fighter.
Mediumship with the spirits of the dead.
",NULL,NULL,NULL,NULL,NULL,NULL,NULL,NULL,NULL,NULL,NULL,NULL,NULL,NULL,NULL,NULL,NULL,NULL
35,"Ant-Man (2015)","Hope Pymby Tom DeFalcoRon Frenz","
Edgar WrightJoe Cornish
Adam McKayPaul Rudd
","
Evangeline Lilly
Madeleine McGraw (young)
",NULL,Wasp,NULL,NULL,"
Pym Technologies
S.H.I.E.L.D. (What If...?)
","Wasp suit",NULL,American,"Hope van Dyne","Hope van Dyne (née Pym)",NULL,NULL,"San Francisco, California, United States","
Hank Pym (father)
Janet van Dyne (mother)
",NULL,NULL,NULL,NULL,NULL,NULL,NULL,"Scott Lang",NULL,NULL,NULL,NULL,NULL,NULL,NULL,NULL,NULL,NULL,NULL,NULL,NULL,NULL,NULL,NULL,NULL,NULL,NULL,NULL,NULL,NULL,NULL,NULL
36,"Avengers: Age of Ultron (2015)","Visionby Roy ThomasJohn Buscema","Joss Whedon","Paul Bettany","Ross Marquand (as Ultron; What If...?)",NULL,NULL,NULL,Avengers,"
Mind Stone
Mjolnir[a]
",NULL,NULL,Vision,"The Vision",NULL,NULL,"Midtown Manhattan, New York, United States",NULL,NULL,"Billy and Tommy Maximoff[c]",Vis,NULL,NULL,NULL,Synthezoid[1],"Wanda Maximoff[b]",NULL,NULL,NULL,NULL,NULL,NULL,NULL,NULL,NULL,NULL,NULL,NULL,NULL,NULL,NULL,NULL,NULL,NULL,"
Ultron
Tony Stark
Bruce Banner
",NULL,NULL,NULL,NULL,NULL
37,"The Fantastic Four #13 (April 1963)",NULL,NULL,NULL,NULL,NULL,NULL,NULL,NULL,NULL,NULL,NULL,Uatu,NULL,NULL,NULL,NULL,NULL,NULL,NULL,NULL,NULL,NULL,"Stan Lee Jack Kirby",Watcher,NULL,NULL,"Marvel Comics",Uatu,NULL,Watcher,"Vast cosmic powersSuperhuman intelligence and scientific knowledge beyond Earth measuringImmortality",NULL,NULL,NULL,NULL,NULL,NULL,NULL,NULL,NULL,NULL,NULL,NULL,NULL,NULL,NULL,NULL,NULL,NULL
38,"Captain America: The Winter Soldier (2014)","Falconby Stan LeeGene Colan","Christopher MarkusStephen McFeely","Anthony Mackie",NULL,NULL,NULL,"
Avenger
Trauma counselor
U.S. Air Force Pararescue Jumper
","
Avengers
United States Air Force
United States Department of Veterans Affairs
","
Captain America's shield
Custom vibranium flight suit[1][2]
EXO-7 Falcon flight suit[3]
Redwing drone[4]
Various firearms
",NULL,American,"Sam Wilson",NULL,"
Captain America
Falcon
",NULL,"Delacroix, Louisiana, United States","
Paul Wilson (father)
Darlene Wilson (mother)
Sarah Wilson (sister)
",NULL,NULL,NULL,"
AJ Wilson (nephew)
Cass Wilson (nephew)
",NULL,NULL,NULL,NULL,NULL,NULL,NULL,NULL,NULL,NULL,NULL,NULL,NULL,NULL,NULL,NULL,NULL,NULL,NULL,NULL,NULL,NULL,NULL,NULL,NULL,NULL,NULL,NULL
39,"Doctor Strange (2016)","Wongby Steve DitkoStan Lee","
Jon Spaihts
Scott Derrickson
C. Robert Cargill
","Benedict Wong",NULL,NULL,"Sorcerer Supreme",Sorcerer,"Masters of the Mystic Arts",NULL,NULL,NULL,Wong,NULL,NULL,NULL,NULL,NULL,NULL,NULL,NULL,NULL,NULL,NULL,NULL,NULL,NULL,NULL,NULL,NULL,NULL,NULL,NULL,NULL,NULL,NULL,NULL,NULL,NULL,NULL,NULL,NULL,NULL,NULL,NULL,NULL,NULL,NULL,NULL,NULL
40,"The Eternals #2 (August 1976)",NULL,NULL,NULL,NULL,NULL,NULL,NULL,NULL,NULL,NULL,NULL,Ajak,NULL,NULL,NULL,NULL,NULL,NULL,NULL,NULL,NULL,NULL,"Jack Kirby",NULL,NULL,NULL,"Marvel Comics",NULL,"EternalsGod Squad","The Legendary Inca Hero, Tecumotzin Lord of Flight","Superhuman speed, strength and durabilityAccelerated healing factorEnergy blastsFlightTeleportation",NULL,NULL,NULL,NULL,NULL,NULL,NULL,NULL,NULL,NULL,NULL,NULL,NULL,NULL,NULL,NULL,NULL,NULL
41,"Anonymous cameo:Amazing Fantasy #15 (August 1962)As Liz Allan:The Amazing Spider-Man #4 (September 1963)",NULL,NULL,NULL,NULL,NULL,NULL,NULL,NULL,NULL,NULL,NULL,"Elizabeth Allan","Elizabeth Allan",NULL,NULL,NULL,NULL,NULL,NULL,NULL,NULL,NULL,"Stan Lee (writer)Steve Ditko (artist)",NULL,NULL,NULL,"Marvel Comics",NULL,Alchemax,Firestar,NULL,NULL,NULL,NULL,Spider-ManDaredevilVenom,NULL,NULL,NULL,NULL,NULL,NULL,NULL,NULL,NULL,NULL,NULL,NULL,NULL,NULL
42,"Strange Tales #110 (July 1963)",NULL,NULL,NULL,NULL,NULL,NULL,NULL,NULL,NULL,NULL,NULL,"Ancient One",NULL,NULL,NULL,NULL,NULL,NULL,NULL,NULL,NULL,NULL,"Stan LeeSteve Ditko",NULL,NULL,NULL,"Marvel Comics",NULL,"Ancient Ones","The MasterThe High LamaThe MysticThe Spirit Leopard","Vast Magical PowersEnergy blastsTeleportationIllusions generationAstral projection",NULL,"Doctor Strange",NULL,NULL,NULL,NULL,NULL,NULL,NULL,NULL,NULL,NULL,NULL,NULL,NULL,NULL,NULL,NULL
43,"Black Panther, vol. 3 #1 (November 1998)",NULL,NULL,NULL,NULL,NULL,NULL,NULL,NULL,NULL,NULL,NULL,"Dora Milaje",NULL,NULL,NULL,NULL,NULL,NULL,NULL,NULL,NULL,NULL,"Christopher PriestMark Texeira",NULL,NULL,NULL,"Marvel Comics",NULL,NULL,NULL,NULL,NULL,NULL,NULL,NULL,NULL,NULL,NULL,NULL,NULL,NULL,NULL,NULL,NULL,NULL,NULL,NULL,NULL,NULL
44,"The Amazing Spider-Man #13 (June 1964)",NULL,NULL,NULL,NULL,NULL,NULL,NULL,NULL,NULL,NULL,NULL,Mysterio,NULL,NULL,NULL,NULL,NULL,NULL,NULL,NULL,NULL,NULL,"Stan LeeSteve Ditko",NULL,NULL,NULL,"Marvel Comics","Quentin Beck","Sinister SixMaggia","Dr. Ludwig RinehartCage McKnight[1]GerdesNicholas MacabesRudolph HinesMysty[2]","
Master illusionist and special effects expert
Proficient chemist and roboticist
Skilled hand-to-hand combatant
Advanced technology and gadgetry embedded in suit
",NULL,NULL,NULL,NULL,NULL,NULL,NULL,NULL,NULL,NULL,NULL,NULL,NULL,NULL,NULL,NULL,NULL,NULL
45,"Inhumans #5 (March 1999)",NULL,NULL,NULL,NULL,NULL,NULL,NULL,NULL,NULL,NULL,NULL,"Black Widow - Yelena Belova","Yelena Belova",NULL,NULL,NULL,NULL,NULL,NULL,NULL,NULL,NULL,"Devin GraysonJ.G. Jones",NULL,NULL,NULL,"Marvel Comics",NULL,"A.I.M.Russian FederationS.H.I.E.L.D.Vanguard","White Widow, Crimson Widow, Super-Adaptoid, Pale Little Spider & Russkaya","Peak athletic conditionExtensive military, martial arts, and espionage training",NULL,NULL,NULL,NULL,NULL,NULL,NULL,NULL,NULL,NULL,NULL,NULL,NULL,NULL,NULL,NULL,NULL,NULL
46,"Never Meet Your HeroesHawkeye(2021)","Kate Bishopby Allan HeinbergJim Cheung","Jonathan Igla","
Hailee Steinfeld
Clara Stack (young)
",NULL,Ronin,NULL,NULL,NULL,"
Bow and quiver
",NULL,American,"Kate Bishop","Katherine Bishop",NULL,NULL,"Manhattan, New York, United States","
Eleanor Bishop (mother)
Derek Bisop (father)
",NULL,NULL,NULL,NULL,NULL,NULL,NULL,NULL,NULL,NULL,NULL,NULL,NULL,NULL,NULL,NULL,NULL,NULL,NULL,NULL,NULL,NULL,NULL,NULL,NULL,NULL,NULL,NULL,NULL,NULL,NULL,NULL
47,"Tales to Astonish #90 (April 1967)",NULL,NULL,NULL,NULL,NULL,NULL,NULL,NULL,NULL,NULL,NULL,Abomination,NULL,NULL,NULL,NULL,NULL,NULL,NULL,NULL,NULL,NULL,"Stan LeeGil Kane","Human mutate",NULL,NULL,"Marvel Comics","Emil Blonsky","KGBA.I.MLegion AccursedMasters of EvilLethal LegionGreen Spring","Agent R-7The Ravager of Worlds","
Superhuman strength, speed, stamina, and durability
Regeneration
Gamma ray emission and manipulation
",NULL,Leader,NULL,NULL,NULL,NULL,NULL,NULL,NULL,NULL,NULL,NULL,NULL,NULL,NULL,NULL,NULL,NULL
48,"Tales of Suspense #75 (March 1966)",NULL,NULL,NULL,NULL,NULL,NULL,NULL,NULL,NULL,NULL,NULL,"Agent 13",NULL,NULL,NULL,NULL,NULL,NULL,NULL,NULL,NULL,NULL,"Stan LeeJack KirbyDick Ayers",NULL,NULL,NULL,"Marvel Comics","Sharon Carter","S.H.I.E.L.D.Secret AvengersAvengersDaughters of Liberty","Agent 13","
Skilled athlete and martial artist
Expert in hand to hand combat
Highly trained in espionage, weaponry, and computers
Expert markswoman and mistress of various other weapons
",NULL,"Captain America",NULL,NULL,NULL,NULL,NULL,NULL,NULL,NULL,NULL,NULL,NULL,NULL,NULL,NULL,NULL,NULL
49,"Vengeance #1 (Sept. 2011)",NULL,NULL,NULL,NULL,NULL,NULL,NULL,NULL,NULL,NULL,NULL,"America Chavez",NULL,NULL,NULL,NULL,NULL,NULL,NULL,NULL,NULL,NULL,"Joe CaseyNick Dragotta",Human,NULL,NULL,"Marvel Comics",NULL,"Teen BrigadeYoung AvengersA-ForceUltimatesWest Coast Avengers","Miss America, Ms. America, Captain America, MAC","
Superhuman strength, speed, longevity and durability
Flight
Invulnerability
Star portal creation
Star Blast
Inter-dimensional travel
Time travel
",NULL,"Lisa Halloran, Ramone Watts","Utopian Parallel",NULL,NULL,NULL,NULL,NULL,NULL,NULL,NULL,NULL,NULL,NULL,NULL,NULL,NULL,NULL
50,"Darren Cross:Marvel Premiere #47 (April 1979)Yellowjacket:The Astonishing Ant-Man #12 (September 2016)",NULL,NULL,NULL,NULL,NULL,NULL,NULL,NULL,NULL,NULL,NULL,"Darren Cross",NULL,NULL,NULL,NULL,NULL,NULL,NULL,NULL,NULL,NULL,"John ByrneDavid Michelinie",NULL,NULL,NULL,"Marvel Comics",NULL,"Cross Technological Enterprises",Yellowjacket,"Skilled tactician, scientist, and businessmanSize-shifting and alterationSuperhuman strength, agility, reflexes, senses, and healingVia Yellowjacket suit:
Flight
Bio-energy projection
Enhanced durability
",NULL,NULL,NULL,NULL,NULL,NULL,NULL,NULL,NULL,NULL,NULL,NULL,NULL,NULL,NULL,NULL,NULL,NULL
51,"The Amazing Spider-Man #9 (Feb. 1964)",NULL,NULL,NULL,NULL,NULL,NULL,NULL,NULL,NULL,NULL,NULL,Electro,NULL,NULL,NULL,NULL,NULL,NULL,NULL,NULL,NULL,NULL,"Stan LeeSteve Ditko","Human mutate",NULL,NULL,"Marvel Comics","Maxwell Max Dillon","Sinister SixEmissaries of EvilFrightful FourExterminators[1]Sinister TwelveLegion Accursed","Master of ElectricityJolt","
Electric manipulation
Flight
Superhuman strength and speed when fully charged
",NULL,NULL,"Endicott, New York",NULL,NULL,NULL,NULL,NULL,NULL,NULL,NULL,NULL,NULL,NULL,NULL,NULL,NULL,NULL
52,"The Avengers #195 (May 1980)",NULL,NULL,NULL,NULL,NULL,NULL,NULL,NULL,NULL,NULL,NULL,Taskmaster,NULL,NULL,NULL,NULL,NULL,NULL,NULL,NULL,NULL,NULL,"
David Michelinie
George Pérez
","Human mutate",NULL,NULL,"Marvel Comics","Anthony Tony Masters","
A.I.M.
Agency X
Cabal
Frightful Four
Initiative
Secret Avengers
Shadow Initiative
S.H.I.E.L.D.
Thunderbolts
","
Tasky
Contingency T
","
Master assassin and tactician
Master martial artist and hand-to-hand combatant
Expert swordsman, marksman and archer
Voice mimicry
Photographic reflexes
",NULL,NULL,NULL,NULL,NULL,NULL,NULL,NULL,NULL,NULL,NULL,NULL,NULL,NULL,NULL,NULL,NULL,NULL
53,"The Eternals #11 (May 1977)",NULL,NULL,NULL,NULL,NULL,NULL,NULL,NULL,NULL,NULL,NULL,Druig,NULL,NULL,NULL,NULL,NULL,NULL,NULL,NULL,NULL,NULL,"Jack Kirby",NULL,NULL,NULL,"Marvel Comics",Druig,EternalsVorozheika,"Ivan Druig, Druig of Nightmares","Superhuman speed, strength and physical resistance,Accelerated healing,Cosmic energy manipulation,Energy blasts,Flight,Illusion generation,Matter transmutation,Teleportation.",NULL,NULL,NULL,NULL,NULL,NULL,NULL,NULL,NULL,NULL,NULL,NULL,NULL,NULL,NULL,NULL,NULL,NULL
54,"Cameo appearance: The Mighty Thor #132 (September 1966)Full appearance: The Mighty Thor #133 (October 1966)",NULL,NULL,NULL,NULL,NULL,NULL,NULL,NULL,NULL,NULL,NULL,"Ego the Living Planet",NULL,NULL,NULL,NULL,NULL,NULL,NULL,NULL,NULL,NULL,"Stan LeeJack Kirby","Sentient Planet",NULL,NULL,"Marvel Comics",NULL,"Nova CorpsElders of the Universe",NULL,"Exceptional intellectMatter manipulationVast psionic powers",NULL,NULL,"Black Galaxy",NULL,NULL,NULL,NULL,NULL,NULL,NULL,NULL,NULL,NULL,NULL,NULL,NULL,NULL,NULL
55,"Werewolf by Night #32 (August 1975)",NULL,NULL,NULL,NULL,NULL,NULL,NULL,NULL,NULL,NULL,NULL,"Moon Knight",NULL,NULL,NULL,NULL,NULL,NULL,NULL,NULL,NULL,NULL,"Doug MoenchDon Perlin",NULL,NULL,NULL,"Marvel Comics","Marc Spector, Steven Grant, Jake Lockley","AvengersSecret AvengersWest Coast AvengersDefendersMidnight SonsMarvel KnightsHeroes for HireUnited States Marine Corps Force Reconnaissance","Fist of KhonshuMr. Knight","Currently:
Expert detective
Proficient in martial arts and armed combat
Utilizes high-tech equipment
Mystical visions
Formerly:

Increased strength, speed, and endurance depending on the lunar cycle
",NULL,NULL,NULL,NULL,NULL,Monthly,"Ongoing series",Superhero,"(vol. 1)November 1980 – July 1984(vol. 2)June – December 1985(Marc Spector: Moon Knight)June 1989 – March 1994(vol. 3)June – December 1998(vol. 4)November – September 1999(vol. 5)July 2006 – April 2008(Vengeance)March 2009 – August 2010","(vol. 1): 38(vol. 2): 6(Marc Spector): 60(vol. 3): 4(vol. 4): 4(vol. 5): 30(Vengeance): 10(vol. 6): 12(vol. 7): 17(vol. 8): 14 (Legacy): 13(vol. 9): ongoing","(vol. 1)Doug Moench (1–15, 17–26, 28–33), Alan Zelenetz (18, 21–22, 27, 32, 36–38), Tony Isabella (34–35)(vol. 2)Alan Zelenetz (1–4)(Marc Spector)Chuck Dixon (1–24, 34), J. M. DeMatteis (26–32), Terry Kavanagh (35–60)(vol. 5)Doug Moench (1–4), Charlie Huston, Mike BensonDoug Moench (1–4)(vol. 6)Brian Michael Bendis(vol. 7)Warren Ellis (1–6), Brian Wood, Cullen Bunn(vol. 8)Jeff Lemire(Legacy)Max Bemis(vol. 9)Jed MacKay","(vol. 1)Bill Sienkiewicz, Kevin Nowlan, Bo Hampton(vol. 2)Chris Warner(Marc Spector)Sal Velluto, Ron Garney, Gary Kwapisz, James Fry, Stephen Platt(vol. 5)David Finch, Mark Texeira, Mico Suayan, Javier Saltares, Jefte Palo(vol. 6)Alex Maleev(vol. 7)Declan Shalvey, Greg Smallwood, Ron Ackins(vol. 8)Greg Smallwood(Legacy)Jacen Burrows, Ty Templeton, Paul Davidson(vol. 9)Alessandro Cappuccio, Federico Sabbatini",NULL,NULL,NULL,NULL,NULL,NULL
56,"Journey into Mystery #119 (August 1965)",NULL,NULL,NULL,NULL,NULL,NULL,NULL,NULL,NULL,NULL,NULL,Fandral,Fandral,NULL,NULL,NULL,NULL,NULL,NULL,NULL,NULL,NULL,"Stan LeeJack Kirby",Asgardian,NULL,NULL,"Marvel Comics",NULL,"Warriors ThreeThor Corps","Fandral the Dashing","Master swordsmanExcellent battlefield warriorSuperhuman strength, speed, agility, stamina, and durabilityExtended lifespan",NULL,NULL,NULL,NULL,NULL,NULL,NULL,NULL,NULL,NULL,NULL,NULL,NULL,NULL,NULL,NULL,NULL,NULL
57,"Journey into Mystery #119 (August 1965)",NULL,NULL,NULL,NULL,NULL,NULL,NULL,NULL,NULL,NULL,NULL,Fandral,Fandral,NULL,NULL,NULL,NULL,NULL,NULL,NULL,NULL,NULL,"Stan LeeJack Kirby",Asgardian,NULL,NULL,"Marvel Comics",NULL,"Warriors ThreeThor Corps","Fandral the Dashing","Master swordsmanExcellent battlefield warriorSuperhuman strength, speed, agility, stamina, and durabilityExtended lifespan",NULL,NULL,NULL,NULL,NULL,NULL,NULL,NULL,NULL,NULL,NULL,NULL,NULL,NULL,NULL,NULL,NULL,NULL
58,"As Jane Foster:Journey into Mystery #84 (September 1962)As Thor:Thor #1 (October 2014)As Valkyrie:War of the Realms Omega #1 (July 2019)",NULL,NULL,NULL,NULL,NULL,NULL,NULL,NULL,NULL,NULL,NULL,"Jane Foster",NULL,NULL,NULL,NULL,NULL,NULL,NULL,NULL,NULL,NULL,"Stan LeeLarry LieberJack Kirby",Human,NULL,NULL,"Marvel Comics",NULL,"Secret Avengers (Civil War)Thor CorpsAvengersValkyrior","Thor, Valkyrie","As Thor
Super human strength
Abilities via Mjolnir:

Dimensional transportation
Physical transformation
Electric manipulation
Flight
Weather manipulation
Electrokinesis
Star creation/generation
As Valkyrie

Access to Undrjarn, the shape shifting weapon
Flight
",NULL,NULL,Earth,NULL,NULL,NULL,NULL,NULL,NULL,NULL,NULL,NULL,NULL,NULL,NULL,NULL,NULL,NULL
59,"Journey into Mystery #92 (May 1963)",NULL,NULL,NULL,NULL,NULL,NULL,NULL,NULL,NULL,NULL,NULL,Frigga,"Freyja Freyrdottir",NULL,NULL,NULL,NULL,NULL,NULL,NULL,NULL,NULL,"Stan Lee (Writer)Robert BernsteinJoe Sinnott",Asgardian,NULL,NULL,"Marvel Comics",NULL,Asgard,FrigFreyjaFreyaFricka,NULL,NULL,NULL,Asgard,NULL,NULL,NULL,NULL,NULL,NULL,NULL,NULL,NULL,NULL,NULL,NULL,NULL,NULL,NULL
60,"The Eternals #13 (July 1977)",NULL,NULL,NULL,NULL,NULL,NULL,NULL,NULL,NULL,NULL,NULL,Gilgamesh,NULL,NULL,NULL,NULL,NULL,NULL,NULL,NULL,NULL,NULL,"Jack Kirby",NULL,NULL,NULL,"Marvel Comics",NULL,EternalsAvengers,"Gil, Hero of Sumer, Lost Eternal, Beloved of the Muses, Dragon-Slayer, Forgotten Nemesis, Beast of Legend, King Gilgamesh","Superhuman strength, stamina, agility, reflexes, and durabilityRegenerative healing factorFlightOptic blastsRepressed agingImmunity to disease",NULL,NULL,NULL,NULL,NULL,NULL,NULL,NULL,NULL,NULL,NULL,NULL,NULL,NULL,NULL,NULL,NULL,NULL
61,"The Avengers #69 (Oct. 1969)",NULL,NULL,NULL,NULL,NULL,NULL,NULL,NULL,NULL,NULL,NULL,Grandmaster,NULL,NULL,NULL,NULL,NULL,NULL,NULL,NULL,NULL,NULL,"Roy Thomas (writer)Sal Buscema (artist)",NULL,NULL,NULL,"Marvel Comics","En Dwi Gast","Squadron SinisterElders of the Universe","The Master of Games","User of the Power Primordial:ImmortalityMaster of all gamesMaster strategist and tacticianEnergy controlSize and matter manipulationAbility to will the death and resurrection of another",NULL,NULL,NULL,NULL,NULL,NULL,NULL,NULL,NULL,NULL,NULL,NULL,NULL,NULL,NULL,NULL,NULL,NULL
62,"Iron Man #120 (March 1979)",NULL,NULL,NULL,NULL,NULL,NULL,NULL,NULL,NULL,NULL,NULL,"Justin Hammer","Justin Hammer",NULL,NULL,NULL,NULL,NULL,NULL,NULL,NULL,NULL,"David Michelinie (writer)Bob Layton (writer)John Romita Jr. (artist)",NULL,NULL,NULL,"Marvel Comics",NULL,"Hammer Industries",NULL,"Genius-level intellectExpert strategist",NULL,NULL,"Surrey, England",NULL,NULL,NULL,NULL,NULL,NULL,NULL,NULL,NULL,NULL,NULL,NULL,NULL,NULL,NULL
63,"Fantastic Four #94 (January 1970)",NULL,NULL,NULL,NULL,NULL,NULL,NULL,NULL,NULL,NULL,NULL,"Agatha Harkness",NULL,NULL,NULL,NULL,NULL,NULL,NULL,NULL,NULL,NULL,"Stan Lee (writer)Jack Kirby (artist)",Witch,NULL,NULL,"Marvel Comics",NULL,"Daughters of Liberty",NULL,"Highly-skilled magic user",NULL,"Fantastic FourScarlet Witch",NULL,NULL,NULL,NULL,NULL,NULL,NULL,NULL,NULL,NULL,NULL,NULL,NULL,NULL,NULL,NULL
64,"Fantastic Four #94 (January 1970)",NULL,NULL,NULL,NULL,NULL,NULL,NULL,NULL,NULL,NULL,NULL,"Agatha Harkness",NULL,NULL,NULL,NULL,NULL,NULL,NULL,NULL,NULL,NULL,"Stan Lee (writer)Jack Kirby (artist)",Witch,NULL,NULL,"Marvel Comics",NULL,"Daughters of Liberty",NULL,"Highly-skilled magic user",NULL,"Fantastic FourScarlet Witch",NULL,NULL,NULL,NULL,NULL,NULL,NULL,NULL,NULL,NULL,NULL,NULL,NULL,NULL,NULL,NULL
65,"Journey into Mystery #85 (October 1962)",NULL,NULL,NULL,NULL,NULL,NULL,NULL,NULL,NULL,NULL,NULL,Heimdall,NULL,NULL,NULL,NULL,NULL,NULL,NULL,NULL,NULL,NULL,"Stan LeeLarry LieberJack Kirby",Asgardian,NULL,NULL,"Marvel Comics",NULL,NULL,"Donald Velez, Ezra","
Superhuman strength, endurance, and longevity
Supernatural hearing and vision
Teleportation
",NULL,NULL,Asgard,NULL,NULL,NULL,NULL,NULL,NULL,NULL,NULL,NULL,NULL,NULL,NULL,NULL,NULL,NULL
66,"Journey into Mystery #102 (March 1964)",NULL,NULL,NULL,NULL,NULL,NULL,NULL,NULL,NULL,NULL,NULL,Hela,NULL,NULL,NULL,NULL,NULL,NULL,NULL,NULL,NULL,NULL,"Stan Lee (writer)Jack Kirby (artist)",Asgardian,NULL,NULL,"Marvel Comics",NULL,"Hell-LordsDeath GodsBlack Order","Goddess of DeathThe Death QueenMistress of the DarknessMiss Halja","Superhuman strength, stamina, and durabilityBlack magicTelepathy (limited only for her undead warriors)LongevityNecromancyDeadly touch (Hand of Glory)High level mystical powersMatter generation (frequently her necroswords)",NULL,"Fenris Wolf",NULL,NULL,NULL,NULL,NULL,NULL,NULL,NULL,NULL,NULL,NULL,NULL,NULL,NULL,NULL,NULL
67,"The New Avengers #4 (March 2005)",NULL,NULL,NULL,NULL,NULL,NULL,NULL,NULL,NULL,NULL,NULL,"Maria Hill",NULL,NULL,NULL,NULL,NULL,NULL,NULL,NULL,NULL,NULL,"
Brian Michael Bendis (writer)
David Finch (artist)
",NULL,NULL,NULL,"Marvel Comics","Maria Hill","
U.S. military
S.H.I.E.L.D.
Avengers
Secret Avengers
Force Works
",NULL,"
Trained agent
Highly trained in weaponry
Expert marksman and mastery of various other weapons
",NULL,"Iron ManNick FuryCaptain America",NULL,NULL,NULL,NULL,NULL,NULL,NULL,NULL,NULL,NULL,NULL,NULL,NULL,NULL,NULL,NULL
68,"Tales of Suspense #45 (Sept. 1963)",NULL,NULL,NULL,NULL,NULL,NULL,NULL,NULL,NULL,NULL,NULL,"Happy Hogan","Harold Joseph Hogan",NULL,NULL,NULL,NULL,NULL,NULL,NULL,NULL,NULL,"Stan LeeRobert BernsteinDon Heck",NULL,NULL,NULL,"Marvel Comics",NULL,"Stark Industries",NULL,NULL,NULL,NULL,NULL,"Iron Man",NULL,NULL,NULL,NULL,NULL,NULL,NULL,NULL,NULL,NULL,NULL,NULL,NULL,NULL
69,"Journey into Mystery #119 (August, 1965)",NULL,NULL,NULL,NULL,NULL,NULL,NULL,NULL,NULL,NULL,NULL,Hogun,Hogun,NULL,NULL,NULL,NULL,NULL,NULL,NULL,NULL,NULL,"Stan Lee (Writer)Jack Kirby (Artist)",Asgardian,NULL,NULL,"Marvel Comics",NULL,"Warriors ThreeThor Corps","Hogun the Grim","Superb hand-to-hand combatant and horsemanExcellent battlefield warriorSuperhuman strength, speed, stamina, and durabilityHealing factorExtended lifespan",NULL,NULL,NULL,NULL,NULL,NULL,NULL,NULL,NULL,NULL,NULL,NULL,NULL,NULL,NULL,NULL,NULL,NULL
70,"Spider-Man (2002)","J. Jonah Jamesonby Stan LeeSteve Ditko","David Koepp","J. K. Simmons","
Keith Carradine (Spider-Man: The New Animated Series)
Jay Gordon (SM and SM2 film games)
J. K. Simmons (SM3 film game)
",NULL,NULL,"Chief of the Daily Bugle",NULL,NULL,NULL,American,"J. Jonah Jameson","John Jonah Jameson, Senior",NULL,NULL,NULL,NULL,"Julia Jameson","John Jameson",NULL,NULL,"Spider-Man 3 (2007)",NULL,NULL,NULL,NULL,NULL,NULL,NULL,NULL,NULL,NULL,NULL,NULL,NULL,NULL,NULL,NULL,NULL,NULL,NULL,NULL,NULL,NULL,Male,NULL,NULL,NULL,NULL
71,"Spider-Man: Homecoming (2017)","Mary Jane Watsonby Stan LeeJohn Romita Sr.",NULL,Zendaya,NULL,NULL,NULL,"High school student  Barista",NULL,NULL,NULL,American,"Michelle Jones-Watson","Michelle Jones-Watson[1]",NULL,NULL,"Queens, New York, United States",NULL,NULL,NULL,MJ,NULL,NULL,"
Jonathan Goldstein
John Francis Daley
Jon Watts
Christopher Ford
Chris McKenna
Erik Sommers
",NULL,"Peter Parker",NULL,NULL,NULL,NULL,NULL,NULL,NULL,NULL,NULL,NULL,NULL,NULL,NULL,NULL,NULL,NULL,NULL,NULL,NULL,NULL,NULL,NULL,NULL,NULL
72,"Strange Tales #130 (March 1965)",NULL,NULL,NULL,NULL,NULL,NULL,NULL,NULL,NULL,NULL,NULL,Kaecilius,NULL,NULL,NULL,NULL,NULL,NULL,NULL,NULL,NULL,NULL,"Stan LeeSteve Ditko",NULL,NULL,NULL,"Marvel Comics",NULL,NULL,"Joe Crocker","
Mystic energy manipulation
Mastery of dark magic
",NULL,"DormammuBaron Mordo",NULL,NULL,NULL,NULL,NULL,NULL,NULL,NULL,NULL,NULL,NULL,NULL,NULL,NULL,NULL,NULL
73,"Iron Man vol. 4 #1 (Jan. 2005)",NULL,NULL,NULL,NULL,NULL,NULL,NULL,NULL,NULL,NULL,NULL,"Aldrich Killian",NULL,NULL,NULL,NULL,NULL,NULL,NULL,NULL,NULL,NULL,"Warren EllisAdi Granov",NULL,NULL,NULL,"Marvel Comics",NULL,NULL,NULL,"Genius-level intellect",NULL,NULL,NULL,NULL,NULL,NULL,NULL,NULL,NULL,NULL,NULL,NULL,NULL,NULL,NULL,NULL,NULL,NULL
74,"The Eternals #11 (May 1977)",NULL,NULL,NULL,NULL,NULL,NULL,NULL,NULL,NULL,NULL,NULL,"Kingo Sunen",NULL,NULL,NULL,NULL,NULL,NULL,NULL,NULL,NULL,NULL,"Jack Kirby","Eternal (comics)",NULL,NULL,"Marvel Comics","Kingo Sunen",Eternals,NULL,"Immortality, master swordsman, other powers not demonstrated",NULL,NULL,Earth-616,NULL,NULL,NULL,NULL,NULL,NULL,NULL,NULL,NULL,NULL,NULL,NULL,NULL,NULL,NULL
75,"as Ulysses Klaw:Fantastic Four #53 (Aug. 1966)as Klaw:Fantastic Four #56 (Nov. 1966)",NULL,NULL,NULL,NULL,NULL,NULL,NULL,NULL,NULL,NULL,NULL,Klaw,NULL,NULL,NULL,NULL,NULL,NULL,NULL,NULL,NULL,NULL,"Stan Lee (writer)Jack Kirby (artist)","Human Mutate",NULL,NULL,"Marvel Comics","Ulysses Klaue","Frightful FourMasters of EvilA.I.M.Fearsome FoursomeLethal Legion","Ulysses KlawMaster of Sound","Expert physicistGenius-level intellectSuperhuman strength, speed and durabilitySonic device grants:Sound manipulationAbility to create solid sound constructsEnergy blasts",NULL,NULL,NULL,NULL,NULL,NULL,NULL,NULL,NULL,NULL,NULL,NULL,NULL,NULL,NULL,NULL,NULL,NULL
76,"Journey into Mystery #83 (1962) as Korg, The Incredible Hulk vol. 2 #93 (May 2006)",NULL,NULL,NULL,NULL,NULL,NULL,NULL,NULL,NULL,NULL,NULL,Korg,NULL,NULL,NULL,NULL,NULL,NULL,NULL,NULL,NULL,NULL,"Greg PakCarlo Pagulayan",Kronan,NULL,NULL,"Marvel Comics",Korg,Warbound,NULL,"Possesses a body made of a durable, silicon-based substance that grants him super strength, stamina, and durability.",NULL,NULL,NULL,NULL,NULL,NULL,NULL,NULL,NULL,NULL,NULL,NULL,NULL,NULL,NULL,NULL,NULL,NULL
77,"As Cassie Lang:Marvel Premiere #47 (April 1979)As Stature:Young Avengers #6 (May 2006)As Stinger:The Astonishing Ant-Man #6 (May 2016)",NULL,NULL,NULL,NULL,NULL,NULL,NULL,NULL,NULL,NULL,NULL,"Cassandra Lang",NULL,NULL,NULL,NULL,NULL,NULL,NULL,NULL,NULL,NULL,"Cassie Lang:David MichelinieJohn ByrneStature:Allan HeinbergJim CheungStinger:Nick SpencerAnnapaola Martello",NULL,NULL,NULL,"Marvel Comics","Cassandra Eleanor Cassie Lang","The InitiativeMighty AvengersYoung Avengers",StatureStingerAnt-GirlGiant-Girl,"Self size manipulation",NULL,"Nate Richards / Iron LadJonas / Vision",NULL,NULL,NULL,NULL,NULL,NULL,NULL,NULL,NULL,NULL,NULL,NULL,NULL,NULL,NULL,NULL
78,"Journey into Mystery #112 (Jan. 1965)",NULL,NULL,NULL,NULL,NULL,NULL,NULL,NULL,NULL,NULL,NULL,Laufey,NULL,NULL,NULL,NULL,NULL,NULL,NULL,NULL,NULL,NULL,"Stan LeeJack Kirby","Frost Giants",NULL,NULL,"Marvel Comics",NULL,"Dark Council",NULL,"Superhuman strength and resistance to injuryCryokinesisResistance to Earthly diseasesImmunity to hypothermia and frostbite",NULL,NULL,Jotunheim,NULL,NULL,NULL,NULL,NULL,NULL,NULL,NULL,NULL,NULL,NULL,NULL,NULL,NULL,NULL
79,"The Amazing Spider-Man #18 (November 1964)",NULL,NULL,NULL,NULL,NULL,NULL,NULL,NULL,NULL,NULL,NULL,"Ned Leeds","Edward Ned Leeds",NULL,NULL,NULL,NULL,NULL,NULL,NULL,NULL,NULL,"Stan LeeSteve Ditko",Human,NULL,NULL,"Marvel Comics",NULL,"Daily Bugle",Hobgoblin,"
Veteran reporter
Master deductive reasoner and investigator
master lady’s man
main power belly flop of death
As the Hobgoblin:

Use of goblin-themed weapons and paraphernalia
",NULL,NULL,"Huntington, New York",Spider-Man,NULL,NULL,NULL,NULL,NULL,NULL,NULL,NULL,NULL,NULL,NULL,NULL,NULL,NULL
80,"As Echo: Daredevil #9 (Dec. 1999)As Ronin:The New Avengers #11 (Nov. 2005)",NULL,NULL,NULL,NULL,NULL,NULL,NULL,NULL,NULL,NULL,NULL,Echo,NULL,NULL,NULL,NULL,NULL,NULL,NULL,NULL,NULL,NULL,"David MackJoe Quesada",NULL,NULL,NULL,"Marvel Comics","Maya Lopez","New AvengersThe HandAvengers","Ronin, Phoenix","
Olympic-level athlete
Concert-level pianist
Strong martial artist
Highly skilled acrobat
Gifted ballerina
Photographic reflexes
As Phoenix:

Telepathy
Flight
Superhuman strength
Cosmic fire generation
",NULL,NULL,NULL,NULL,NULL,NULL,NULL,NULL,NULL,NULL,NULL,NULL,NULL,NULL,NULL,NULL,NULL,NULL
81,NULL,NULL,NULL,NULL,NULL,NULL,NULL,NULL,NULL,NULL,NULL,NULL,NULL,NULL,NULL,NULL,NULL,NULL,NULL,NULL,NULL,NULL,NULL,NULL,NULL,NULL,NULL,NULL,NULL,NULL,NULL,NULL,NULL,NULL,NULL,NULL,NULL,NULL,NULL,NULL,NULL,NULL,NULL,NULL,NULL,NULL,NULL,NULL,NULL,NULL
82,"As Mercury:Red Raven Comics #1 (August 1940)As Hurricane:Captain America Comics #1 (March 1941)As Makkari:The Eternals #5 (November 1976)",NULL,NULL,NULL,NULL,NULL,NULL,NULL,NULL,NULL,NULL,NULL,Makkari,NULL,NULL,NULL,NULL,NULL,NULL,NULL,NULL,NULL,NULL,"Martin A. BurstenJack Kirby",NULL,NULL,NULL,"Marvel Comics",Makkari,"EternalsFirst LineMonster Hunters","Mike Khary, Frank Harper, Mark Curry, Jake Curtiss, Major Mercury, Hurricane, Mercury, Adam Clayton, Mac Curry, Michael Gray, Thoth","Formerly:ImmortalitySuperhuman speed, strength and durabilityAccelerated healing factorCosmic energy manipulationEnergy blastsFlightIllusion generationMatter transmutationTelekinesisTeleportationCurrently:ImmortalitySuperhuman strength and speedAbility to communicate with the Dreaming Celestial",NULL,NULL,NULL,NULL,NULL,NULL,NULL,NULL,NULL,NULL,NULL,NULL,NULL,NULL,NULL,NULL,NULL,NULL
83,"Thor #344 (June 1984)",NULL,NULL,NULL,NULL,NULL,NULL,NULL,NULL,NULL,NULL,NULL,"Malekith the Accursed",NULL,NULL,NULL,NULL,NULL,NULL,NULL,NULL,NULL,NULL,"Walt Simonson","Dark Elf",NULL,NULL,"Marvel Comics",Malekith,"Dark Council","Angel, Master of the Hounds, Malcolm Keith, Dark Elf, Balder, The Butcher of Thor","Superhuman strength, speed, agility, stamina, reflexes, durability and intellectWields Dark Faerie magicAbility to summon the Wild Hunt",NULL,NULL,Svartalfheim,NULL,NULL,NULL,NULL,NULL,NULL,NULL,NULL,NULL,NULL,NULL,NULL,NULL,NULL,NULL
84,"Cameo appearance: New Avengers vol. 3 #8 (Sept. 2013)Full appearance: Infinity #1 (Oct. 2013)",NULL,NULL,NULL,NULL,NULL,NULL,NULL,NULL,NULL,NULL,NULL,"Ebony Maw",NULL,NULL,NULL,NULL,NULL,NULL,NULL,NULL,NULL,NULL,"Jonathan HickmanJerome Opeña",NULL,NULL,NULL,"Marvel Comics",NULL,"Black Order",NULL,"
Genius-level intellect
Telekinesis
Powerful psychic abilities telepathy and mental-manipulation
Pyrokinesis
Utilizes high-tech equipment
",NULL,NULL,NULL,NULL,NULL,NULL,NULL,NULL,NULL,NULL,NULL,NULL,NULL,NULL,NULL,NULL,NULL,NULL
85,"The X-Men #4 (March 1964)",NULL,NULL,NULL,NULL,NULL,NULL,NULL,NULL,NULL,NULL,NULL,Quicksilver,"Pietro Django Maximoff",NULL,NULL,NULL,NULL,NULL,NULL,NULL,NULL,NULL,"Stan LeeJack Kirby","Human mutant (originally)Human mutate (retconned)",NULL,NULL,"Marvel Comics",NULL,"
Avengers
Brotherhood of Mutants
Inhumans
X-Factor
X-Men
","Pietro FrankMateo Maximoff","
Vast superhuman speed, stamina, reaction and reflexes
Eidetic memory
Rapid healing
Creation of high speed winds and tornadoes
Time manipulation
",NULL,"Scarlet Witch",NULL,NULL,NULL,NULL,NULL,NULL,NULL,NULL,NULL,NULL,NULL,NULL,NULL,NULL,NULL,NULL
86,"The Avengers #62 (March 1969)",NULL,NULL,NULL,NULL,NULL,NULL,NULL,NULL,NULL,NULL,NULL,Man-Ape,NULL,NULL,NULL,NULL,NULL,NULL,NULL,NULL,NULL,NULL,"Roy ThomasJohn Buscema",NULL,NULL,NULL,"Marvel Comics",M'Baku,"Lethal LegionMasters of EvilVillains for Hire","White Gorilla","Expert hand to hand combatantSuperhuman strength, speed, agility, stamina and durability",NULL,"Grim ReaperSaboteur",NULL,NULL,NULL,NULL,NULL,NULL,NULL,NULL,NULL,NULL,NULL,NULL,NULL,NULL,NULL,NULL
87,"As Mobius M. Mobius:Fantastic Four #353 (Jun 1991)As Mr. Tesseract:Fantastic Four Annual #27 (1994)As Mr. Orobourous:She Hulk #3 (2006)As Mr. Paradox:She Hulk #3 (2006)",NULL,NULL,NULL,NULL,NULL,NULL,NULL,NULL,NULL,NULL,NULL,"Mobius M. Mobius",NULL,NULL,NULL,NULL,NULL,NULL,NULL,NULL,NULL,NULL,"Walter Simonson",NULL,NULL,NULL,"Marvel Comics","Mobius Mobius Mobius","Time Variance Authority","Moby (nickname)Mr. MobiusMr. TesseractMr. OrobourousMr. Paradox","None inherent",NULL,NULL,NULL,NULL,NULL,NULL,NULL,NULL,NULL,NULL,NULL,NULL,NULL,NULL,NULL,NULL,NULL,NULL
88,"Strange Tales #111 (Aug. 1963)",NULL,NULL,NULL,NULL,NULL,NULL,NULL,NULL,NULL,NULL,NULL,"Baron Mordo",NULL,NULL,NULL,NULL,NULL,NULL,NULL,NULL,NULL,NULL,"Stan LeeSteve Ditko",NULL,NULL,NULL,"Marvel Comics","Karl Amadeus Mordo",NULL,NULL,"
Mastery of magic
Genius-level intellect
Skilled martial artist
Ability to conjure demons
",NULL,NULL,NULL,NULL,NULL,NULL,NULL,NULL,NULL,NULL,NULL,NULL,NULL,NULL,NULL,NULL,NULL,NULL
89,"Captain America #312 (Dec. 1985)",NULL,NULL,NULL,NULL,NULL,NULL,NULL,NULL,NULL,NULL,NULL,Flag-Smasher,NULL,NULL,NULL,NULL,NULL,NULL,NULL,NULL,NULL,NULL,"Mark GruenwaldPaul Neary",Human,NULL,NULL,"Marvel Comics","Karl Morgenthau",ULTIMATUM,NULL,"Brilliant terrorist strategistGifted hand to hand combatantArsenal of weapons provided by ULTIMATUM",NULL,NULL,NULL,NULL,NULL,NULL,NULL,NULL,NULL,NULL,NULL,NULL,NULL,NULL,NULL,NULL,NULL,NULL
90,"Black Panther vol. 3 #1 (Nov. 1998)",NULL,NULL,NULL,NULL,NULL,NULL,NULL,NULL,NULL,NULL,NULL,Malice,NULL,NULL,NULL,NULL,NULL,NULL,NULL,NULL,NULL,NULL,"Christopher Priest and Mark Texeira",Human,NULL,NULL,"Marvel Comics",Nakia,"Dora Milaje",NULL,"Increased abilities and senses",NULL,NULL,NULL,NULL,NULL,NULL,NULL,NULL,NULL,NULL,NULL,NULL,NULL,NULL,NULL,NULL,NULL,NULL
91,"Jungle Action #6 (September 1973)",NULL,NULL,NULL,NULL,NULL,NULL,NULL,NULL,NULL,NULL,NULL,"Erik Killmonger",N'Jadaka,NULL,NULL,NULL,NULL,NULL,NULL,NULL,NULL,NULL,"
Don McGregor
Rich Buckler
",NULL,NULL,NULL,"Marvel Comics",NULL,NULL,"Erik Killmonger","Expert tacticianSkilled hunter and trackerSkilled hand-to-hand combatantEnhanced strength, speed, agility, and durabilityUses high-tech equipment and weapons, including vibranium outfit",NULL,NULL,NULL,NULL,NULL,NULL,NULL,NULL,NULL,NULL,NULL,NULL,NULL,NULL,NULL,NULL,NULL,NULL
92,"Tales to Astonish #46 (August 1963)",NULL,NULL,NULL,NULL,NULL,NULL,NULL,NULL,NULL,NULL,NULL,Kraglin,NULL,NULL,NULL,NULL,NULL,NULL,NULL,NULL,NULL,NULL,"Stan Lee (writer)Don HeckErnie Hart (artists)",A-Chilitarian,NULL,NULL,"Marvel Comics",NULL,Ravagers,NULL,"See in multiple directions",NULL,NULL,NULL,NULL,NULL,NULL,NULL,NULL,NULL,NULL,NULL,NULL,NULL,NULL,NULL,NULL,NULL,NULL
93,"Spider-Man 2 (2004)","Doctor Octopusby Stan LeeSteve Ditko","
Alvin Sargent
Alfred Gough
Miles Millar
Michael Chabon
","Alfred Molina","
Alfred Molina (SM2 film game)
Joe Alaskey (Friend or Foe)
","Doctor Octopus",Doctor,Physicist,"Oscorp Industries","Four robotic arms with artificial intelligence",NULL,American,"Otto Octavius","Otto Octavius",NULL,NULL,NULL,NULL,"Rosalie Rosie Octavius",NULL,"Doc Ock",NULL,"Spider-Man: No Way Home (2021)",NULL,"Human cyborg",NULL,NULL,NULL,NULL,NULL,NULL,NULL,NULL,NULL,NULL,NULL,NULL,NULL,NULL,NULL,NULL,NULL,NULL,NULL,NULL,NULL,NULL,NULL,NULL,NULL
94,"Journey into Mystery #86 (November 1962)",NULL,NULL,NULL,NULL,NULL,NULL,NULL,NULL,NULL,NULL,NULL,Odin,"Odin Borson",NULL,NULL,NULL,NULL,NULL,NULL,NULL,NULL,NULL,"
Stan Lee (writer)
Jack Kirby (artist)
",Asgardian,NULL,NULL,"Marvel Comics",NULL,"
Asgard
Council of God-Heads
","The All-Father, Gagnraðr, Grímnir, Atum-Re, The Wanderer, Orrin, Infinity","
Superhuman strength, durability, and longevity
Dimensional transportation
Electric manipulation
Flight
Weather manipulation
Astral projection
Energy blasts
Illusion casting
Magical energy manipulation via Odin Force
Telepathy
",NULL,NULL,NULL,NULL,NULL,NULL,NULL,NULL,NULL,NULL,NULL,NULL,NULL,NULL,NULL,NULL,NULL,NULL
95,"Spider-Man (2002)","Norman Osborn/Green Goblinby Stan LeeSteve Ditko","David Koepp","Willem Dafoe","
Willem Dafoe (2002 film game)
Roger L. Jackson (Spider-Man: Friend or Foe)
","Green Goblin",Doctor,"Head of OscorpScientist","Oscorp Industries","
Pumpkin bombs
Razor bats
Suit and glider
",NULL,American,"Norman Osborn",NULL,NULL,NULL,NULL,NULL,NULL,"Harry Osborn",NULL,NULL,"Spider-Man: No Way Home (2021)",NULL,"Human mutate",NULL,NULL,NULL,NULL,NULL,NULL,NULL,NULL,NULL,NULL,NULL,NULL,NULL,NULL,NULL,NULL,NULL,NULL,NULL,NULL,NULL,NULL,NULL,NULL,NULL
96,NULL,NULL,NULL,NULL,NULL,NULL,NULL,NULL,NULL,NULL,NULL,NULL,"Night Nurse",NULL,NULL,NULL,NULL,NULL,NULL,NULL,NULL,NULL,NULL,"Jean ThomasWin Mortimer",NULL,NULL,NULL,"Marvel Comics",NULL,NULL,NULL,NULL,NULL,NULL,NULL,NULL,NULL,NULL,NULL,"
Superhero
","Nov. 1972 – May 1973",NULL,NULL,"Win Mortimer",NULL,NULL,"Jean ThomasLinda Fite (issue 4)","Win Mortimer","George Roussos","Roy Thomas"
97,"As Aunt May: Strange Tales #97 (January 1962)As May Parker: Amazing Fantasy #15 (August 1962)",NULL,NULL,NULL,NULL,NULL,NULL,NULL,NULL,NULL,NULL,NULL,"Aunt May","Maybelle Parker-Jameson (née Reilly)",NULL,NULL,NULL,NULL,NULL,NULL,NULL,NULL,NULL,"Stan LeeSteve Ditko",Human,NULL,NULL,"Marvel Comics",NULL,"Parker Industries","Aunt May, May Reilly, May Fitzgerald, Golden Oldie, May Morgan",NULL,NULL,NULL,"Brooklyn, New York",Spider-Man,NULL,NULL,NULL,NULL,NULL,NULL,NULL,NULL,NULL,NULL,NULL,NULL,NULL,NULL
98,"Spider-Man (2002)","Spider-Manby Stan LeeSteve Ditko","
David Koepp
","Tobey Maguire","
Tobey Maguire (film video games)
Neil Patrick Harris (Spider-Man: The New Animated Series)
James Arnold Taylor (Spider-Man: Friend or Foe)
",Spider-Man,NULL,"
Superhero
Photographer for the Daily Bugle
Biophysics student at Columbia University
","Daily Bugle","Organic webbing",NULL,American,"Peter Parker",NULL,NULL,"
Human Spider
Peter-Two
Tiger
",NULL,"
May Parker (aunt; adoptive mother)
Ben Parker (paternal uncle; adoptive father)
",NULL,NULL,NULL,NULL,"Spider-Man: No Way Home (2021)",NULL,"Human mutate","Mary Jane Watson",NULL,NULL,NULL,NULL,NULL,NULL,NULL,NULL,NULL,NULL,NULL,NULL,NULL,NULL,NULL,NULL,NULL,NULL,NULL,NULL,NULL,NULL,NULL,NULL
99,"The Amazing Spider-Man (2012)","Spider-Manby Stan LeeSteve Ditko","
Marc Webb
James Vanderbilt
Alvin Sargent
Steve Kloves
","Andrew GarfieldMax Charles (young)","
Sam Riegel (video games)
Andrew Chaikin (TASM mobile game)
Yuri Lowenthal (TASM 2 mobile game)
",Spider-Man,NULL,"
Superhero
High school student
Freelance photographer
Research assistant
",NULL,"Web shooters",NULL,American,"Peter Parker",NULL,NULL,Peter-Three,NULL,"
Richard Parker (father)
Mary Parker (mother)
May Parker(aunt; legal adoptive mother)
Ben Parker(uncle; legal adoptive father)
",NULL,NULL,NULL,NULL,"Spider-Man: No Way Home (2021)",NULL,"Human mutate","Gwen Stacy",NULL,NULL,NULL,NULL,NULL,NULL,NULL,NULL,NULL,NULL,NULL,NULL,NULL,NULL,NULL,NULL,NULL,NULL,NULL,NULL,NULL,NULL,NULL,NULL
100,"The Eternals #1 (October 1985)",NULL,NULL,NULL,NULL,NULL,NULL,NULL,NULL,NULL,NULL,NULL,Phastos,NULL,NULL,NULL,NULL,NULL,NULL,NULL,NULL,NULL,NULL,"Peter B. GillisSal Buscema",Eternal,NULL,NULL,"Marvel Comics",NULL,NULL,"Hephaestus, Vulcan, Phillip Stoss","Eternal body grant superhuman speed, strength, durability and regenerationCosmic energy manipulationFlightIllusion generationMatter transmutationTeleporation",NULL,NULL,NULL,NULL,NULL,NULL,NULL,NULL,NULL,NULL,NULL,NULL,NULL,NULL,NULL,NULL,NULL,NULL
101,"Nick Fury vs. S.H.I.E.L.D. #3 (August 1988)",NULL,NULL,NULL,NULL,NULL,NULL,NULL,NULL,NULL,NULL,NULL,"Alexander Goodwin Pierce",NULL,NULL,NULL,NULL,NULL,NULL,NULL,NULL,NULL,NULL,"Bob Harras (writer)Paul Neary (artist)",NULL,NULL,NULL,"Marvel Comics",NULL,"S.H.I.E.L.D.Secret Warriors","Anthony Duranti",NULL,NULL,NULL,NULL,NULL,NULL,NULL,NULL,NULL,NULL,NULL,NULL,NULL,NULL,NULL,NULL,NULL,NULL,NULL
102,"As Hank Pym:Tales to Astonish #27 (January 1962)As Ant-Man:Tales to Astonish #35 (September 1962)As Giant-Man:Tales to Astonish #49 (November 1963)As Goliath:The Avengers #28 (May 1966)As Yellowjacket:The Avengers #59 (December 1968)As Wasp:Secret Invasion: Requiem #1 (February 2009)As Ultron:Avengers: Rage of Ultron #1 (April 2015)",NULL,NULL,NULL,NULL,NULL,NULL,NULL,NULL,NULL,NULL,NULL,"Hank Pym","Henry Jonathan Pym",NULL,NULL,NULL,NULL,NULL,NULL,NULL,NULL,NULL,"Stan LeeLarry LieberJack Kirby","Human mutate",NULL,NULL,"Marvel Comics",NULL,"
Avengers
West Coast Avengers
Mighty Avengers
Secret Defenders
Defenders
Avengers Academy
Secret Avengers
Avengers A.I.
Illuminati
","Ant-Man, Giant-Man, Goliath, Yellowjacket, Wasp, Scientist Supreme, Ultron","
Leading authority in myrmecology research
Genius-level intellect
Size-shifting from nearly microscopic to ~100 feet gigantic (both at extremes)
Ability to transfer his size-shifting ability to other beings and objects
Bio-Energy Projection, also known as a Bio-Sting (particularly during his periods as Ant-Man & Yellowjacket)
Maintains strength of normal size in shrunken state
Flight using grafted wings (as Yellowjacket)
Telepathic communication with ants using a cybernetic helmet (as Ant-Man)
Superhuman strength, stamina, durability and mass in giant form (as Giant-Man, Goliath and Yellowjacket)
",NULL,Wasp,Nebraska,NULL,NULL,NULL,NULL,NULL,NULL,NULL,NULL,NULL,NULL,NULL,NULL,NULL,NULL,NULL
103,"As Captain Marvel:The Amazing Spider-Man Annual #16 (October 1982)As Photon:Avengers Unplugged #5 (June 1996)As Pulsar:New Thunderbolts #9 (August 2005)As Spectrum:Mighty Avengers #1 (November 2013)",NULL,NULL,NULL,NULL,NULL,NULL,NULL,NULL,NULL,NULL,NULL,"Monica Rambeau","Monica Rambeau",NULL,NULL,NULL,NULL,NULL,NULL,NULL,NULL,NULL,"Roger SternJohn Romita Jr.",NULL,NULL,NULL,"Marvel Comics",NULL,"NextwaveAvengersNew Orleans Harbor PatrolMighty AvengersUltimatesS.W.O.R.D.","Captain Marvel, Photon, Pulsar, Daystar, Sceptre, Lady of Light, Monica Marvel, Sun Goddess, Spectrum","
Energy absorption, generation and manipulation
Ability to travel at speeds up to the speed of light while in her energy form, convert her body into any form of energy within the electromagnetic spectrum and travel in energy form through the vacuum of space
Intangibility (Via energy form)
",NULL,NULL,NULL,NULL,NULL,NULL,NULL,NULL,NULL,NULL,NULL,NULL,NULL,NULL,NULL,NULL,NULL,NULL
104,NULL,NULL,NULL,NULL,NULL,NULL,NULL,NULL,NULL,NULL,NULL,NULL,NULL,NULL,NULL,NULL,NULL,NULL,NULL,NULL,NULL,NULL,NULL,NULL,NULL,NULL,NULL,NULL,NULL,NULL,NULL,NULL,NULL,NULL,NULL,NULL,NULL,NULL,NULL,NULL,NULL,NULL,NULL,NULL,NULL,NULL,NULL,NULL,NULL,NULL
105,"Fantastic Four #65 (August 1967)",NULL,NULL,NULL,NULL,NULL,NULL,NULL,NULL,NULL,NULL,NULL,"Ronan the Accuser",NULL,NULL,NULL,NULL,NULL,NULL,NULL,NULL,NULL,NULL,"Stan LeeJack Kirby",Kree,NULL,NULL,"Marvel Comics",NULL,"Kree EmpireStarforceUnited FrontPhalanxAnnihilators",NULL,"
Expert in military tactics
Skilled hand-to-hand combatant
Superhuman strength, speed, endurance, and reflexes
Utilizes Kree exoskeleton armor
Wields Universal Weapon
",NULL,NULL,NULL,NULL,NULL,NULL,NULL,NULL,NULL,NULL,NULL,NULL,NULL,NULL,NULL,NULL,NULL,NULL
106,"Ka-Zar #17 (September 1998)",NULL,NULL,NULL,NULL,NULL,NULL,NULL,NULL,NULL,NULL,NULL,"Everett K. Ross","Everett Kenneth Ross",NULL,NULL,NULL,NULL,NULL,NULL,NULL,NULL,NULL,"Kenny MartinezChristopher Priest",Human,NULL,NULL,"Marvel Comics",NULL,"National Security AgencyUnited States Department of State",NULL,NULL,NULL,NULL,Earth,"Black Panther",NULL,NULL,NULL,NULL,NULL,NULL,NULL,NULL,NULL,NULL,NULL,NULL,NULL,NULL
107,"As Thunderbolt Ross:The Incredible Hulk #1 (May 1962)As Red Hulk: Hulk #1 (January 2008)",NULL,NULL,NULL,NULL,NULL,NULL,NULL,NULL,NULL,NULL,NULL,"Thunderbolt Ross",NULL,NULL,NULL,NULL,NULL,NULL,NULL,NULL,NULL,NULL,"Thunderbolt Ross:Stan LeeJack KirbyRed Hulk:Jeph LoebEd McGuinness",NULL,NULL,NULL,"Marvel Comics","Thaddeus E. Thunderbolt Ross","HulkbustersUnited States Air ForceOffendersAvengersThunderboltsPower Elite","General Ross, Red Hulk, Rulk, The Thing (Future Imperfect)","As Thunderbolt Ross:Expert military strategistAccess to advanced technology and weaponsCommanding officer with access to many soldiers and armiesAs Red Hulk:Immense superhuman strength, stamina and durabilityHealing factorEnergy absorptionHeat generation",NULL,NULL,NULL,NULL,NULL,NULL,NULL,NULL,NULL,NULL,NULL,NULL,NULL,NULL,NULL,NULL,NULL,NULL
108,"Captain America #359 (October 1989; cameo appearance)Captain America #360 (November 1989; full appearance)",NULL,NULL,NULL,NULL,NULL,NULL,NULL,NULL,NULL,NULL,NULL,Crossbones,NULL,NULL,NULL,NULL,NULL,NULL,NULL,NULL,NULL,NULL,"Mark Gruenwald (writer)Kieron Dwyer (artist)",NULL,NULL,NULL,"Marvel Comics","Brock Rumlow","Skeleton CrewThunderboltsHYDRA","Bingo, Frag, Mr. Bones","
Expert military tactician
Extensive training in warfare and various forms of combat
Master hand-to-hand combatant, martial artist, marksman, and torturer
High tolerance for pain
Skilled in the use of various firearms and explosives
",NULL,"Red Skull (Albert Malik)Red Skull (Johann Schmidt)Sin",NULL,NULL,NULL,NULL,NULL,NULL,NULL,NULL,NULL,NULL,NULL,NULL,NULL,NULL,NULL,NULL
109,"George Maxon:Captain America Comics #1 (March 1941)Johann Shmidt:Captain America Comics #7 (October 1941)",NULL,NULL,NULL,NULL,NULL,NULL,NULL,NULL,NULL,NULL,NULL,"Red Skull",NULL,NULL,NULL,NULL,NULL,NULL,NULL,NULL,NULL,NULL,"Joe SimonFrance HerronJack Kirby",NULL,NULL,NULL,"Marvel Comics","Johann ShmidtAlbert MalikSinthea ShmidtGeorge Maxon","HYDRANazi Germany (SS-Oberführer)Kronas CorporationExilesU.L.T.I.M.A.T.U.M.Skeleton Crew","Der Rote Schädel (German name, translation: The Red Skull), Senator Dell Rusk, Bettman P. Lyles, the Agent of a Thousand Faces (impersonated in Europe during World War II), the Man (head of the People's Militia), Cyrus Fenton, John Smith (the English version of his natural German name), Teacher, Tod March (president and founder of Galactic Pictures), Aleksander Lukin, the White Skull","
Genius-level intellect
Expert tactician, strategist, and field commander
Skilled hand-to-hand combatant and marksman
Inhabits a cloned body of Captain America that grants:
Enhanced strength, reflexes, and healing
Slowed aging
",NULL,"Arnim ZolaCrossbones",Germany,NULL,NULL,NULL,NULL,NULL,NULL,NULL,NULL,NULL,NULL,NULL,NULL,NULL,NULL,NULL
110,"Thor (2011)",NULL,NULL,"Stellan Skarsgård",NULL,NULL,Doctor,Astrophysicist,"
Avengers
S.H.I.E.L.D.
",NULL,NULL,NULL,"Erik Selvig",NULL,NULL,NULL,NULL,NULL,NULL,NULL,NULL,NULL,"Avengers: Age of Ultron (2015)","
Ashley Miller
Zack Stentz
Don Payne
",NULL,NULL,NULL,NULL,NULL,NULL,NULL,NULL,NULL,NULL,NULL,NULL,NULL,NULL,NULL,NULL,NULL,NULL,NULL,NULL,NULL,NULL,NULL,NULL,NULL,NULL
111,"Journey into Mystery #102 (Mar 1964)",NULL,NULL,NULL,NULL,NULL,NULL,NULL,NULL,NULL,NULL,NULL,Sif,Sif,NULL,NULL,NULL,NULL,NULL,NULL,NULL,NULL,NULL,"Stan Lee (writer)Jack Kirby (artist)",Asgardian,NULL,NULL,"Marvel Comics",NULL,Asgard,SylvanSybil[1],"Superhuman strength, endurance, longevity, durability, skilled in hand to hand combat, and proficient use of cold weapons",NULL,"ThorBeta Ray Bill",Asgard,NULL,NULL,NULL,NULL,NULL,NULL,NULL,NULL,NULL,NULL,NULL,NULL,NULL,NULL,NULL
112,"Iron Man 3 (2013)",NULL,NULL,"Ben Kingsley",NULL,NULL,NULL,"
Actor
Jester
","
Advanced Idea Mechanics (A.I.M.)
Ten Rings
",NULL,NULL,English,"Trevor Slattery",NULL,"The Mandarin",NULL,NULL,NULL,NULL,NULL,NULL,NULL,NULL,"
Drew Pearce
Shane Black
",NULL,NULL,NULL,NULL,NULL,NULL,NULL,NULL,NULL,NULL,NULL,NULL,NULL,NULL,NULL,NULL,NULL,NULL,NULL,NULL,NULL,NULL,NULL,NULL,NULL,NULL
113,"The Eternals #9 (March 1977)",NULL,NULL,NULL,NULL,NULL,NULL,NULL,NULL,NULL,NULL,NULL,Sprite,Sprite,NULL,NULL,NULL,NULL,NULL,NULL,NULL,NULL,NULL,"Jack Kirby",Eternals,NULL,NULL,"Marvel Comics",NULL,EternalsDeviants,"PuckRobin GoodfellowColínPeter Frickin' Pan","Control over cosmic energy allowing energy blasts and invulnerability,Immortality,Vast psionic powers including telepathy, telekinesis, matter transmutation and illusion casting",NULL,NULL,NULL,NULL,NULL,NULL,NULL,NULL,NULL,NULL,NULL,NULL,NULL,NULL,NULL,NULL,NULL,NULL
114,"Obadiah Stane:Iron Man #163(Oct. 1982)Iron Monger:Iron Man #200(Nov. 1985)",NULL,NULL,NULL,NULL,NULL,NULL,NULL,NULL,NULL,NULL,NULL,"Iron Monger",NULL,NULL,NULL,NULL,NULL,NULL,NULL,NULL,NULL,NULL,"Dennis O'Neil (writer)Luke McDonnell (artist)",Human,NULL,NULL,"Marvel Comics","Obadiah Stane","The ChessmenStane InternationalStark Industries","Iron Man, King","Genius-level intellectExperienced businessmanMaster strategistArmored suit grants:Superhuman strengthSuperhuman durabilityFlightRepulsorsChest laserComputer control",NULL,"Madame Masque",Earth-616,NULL,NULL,NULL,NULL,NULL,NULL,NULL,NULL,NULL,NULL,NULL,NULL,NULL,NULL,NULL
115,"Iron Man No. 28 (August 1970)",NULL,NULL,NULL,NULL,NULL,NULL,NULL,NULL,NULL,NULL,NULL,"Howard Stark","Howard Anthony Walter Stark[1]",NULL,NULL,NULL,NULL,NULL,NULL,NULL,NULL,NULL,"Archie Goodwin (writer)Don Heck (artist)",Human,NULL,NULL,"Marvel Comics",NULL,"Stark Industries",NULL,"
Genius-level intellect
Highly proficient scientist, engineer, and businessperson
",NULL,NULL,Earth,"Iron ManCaptain America",NULL,NULL,NULL,NULL,NULL,NULL,NULL,NULL,NULL,NULL,NULL,NULL,NULL,NULL
116,"Iron Man #219(June 1987)",NULL,NULL,NULL,NULL,NULL,NULL,NULL,NULL,NULL,NULL,NULL,Ghost,NULL,NULL,NULL,NULL,NULL,NULL,NULL,NULL,NULL,NULL,"David MichelinieBob Layton",Human,NULL,NULL,"Marvel Comics",Unknown,"Roxxon Energy CorporationA.I.M.Thunderbolts","Phantasm, John Morley, Casper","
Skilled marksman
Brilliant inventor, tactician and computer hacker
Superb intellect
Battle suit grants:

Invisibility
Intangibility
Stealth technology
",NULL,NULL,Earth-616,NULL,NULL,NULL,NULL,NULL,NULL,NULL,NULL,NULL,NULL,NULL,NULL,NULL,NULL,NULL
117,"Sgt. Fury and his Howling Commandos #5 (Jan 1964)",NULL,NULL,NULL,NULL,NULL,NULL,NULL,NULL,NULL,NULL,NULL,"Baron Strucker",NULL,NULL,NULL,NULL,NULL,NULL,NULL,NULL,NULL,NULL,"Stan Lee (writer)Jack Kirby (artist)",NULL,NULL,NULL,"Marvel Comics","Wolfgang von Strucker","HydraGreat WheelPower Elite","Supreme Hydra, Grand Imperator of THEM, Don Guy Antonio Caballero, Emir Ali Bey, John Bronson, Sagittarius","
Skilled military strategist and spy
Master of disguise
Excellent actor
Exceptional hand to hand combatant, marksman and swordsman
High-level intellect
Enhanced strength and energy projection via Satan Claw
Healing factor and limited invulnerability via Death Spore virus in his blood
Repressed aging
",NULL,"Baron Helmut Zemo",NULL,NULL,NULL,NULL,NULL,NULL,NULL,NULL,NULL,NULL,NULL,NULL,NULL,NULL,NULL,NULL
118,"Glorious PurposeLoki(2021)","
Sylvie Lushtonby Paul Cornell    Mark Brooks
","Michael Waldron","
Sophia Di Martino
Cailey Fleming (young; Loki season 1)
",NULL,NULL,NULL,NULL,NULL,"
Daggers and throwing knives
Enchantment
",NULL,Asgardian,Sylvie,"Sylvie Laufeydottir (born Loki)",NULL,NULL,Jotunheim,"Laufey (biological father)",NULL,NULL,"The Variant",NULL,NULL,NULL,"Frost Giant",NULL,NULL,NULL,NULL,NULL,NULL,NULL,NULL,NULL,NULL,NULL,NULL,NULL,NULL,NULL,NULL,NULL,NULL,NULL,NULL,Genderfluid,NULL,NULL,NULL,NULL
119,"The Incredible Hulk vol. 2 #418 (June 1994)",NULL,NULL,NULL,NULL,NULL,NULL,NULL,NULL,NULL,NULL,NULL,Talos,NULL,NULL,NULL,NULL,NULL,NULL,NULL,NULL,NULL,NULL,"Peter David (writer)Gary Frank (artist)",Skrull,NULL,NULL,"Marvel Comics",NULL,"United Front","Talos the UntamedTalos the TamedJonathan Richards","Super-strengthEnhanced durability.",NULL,NULL,"Tarnax IV",NULL,NULL,NULL,NULL,NULL,NULL,NULL,NULL,NULL,NULL,NULL,NULL,NULL,NULL,NULL
120,"Fantastic Four #53 (July 1966)",NULL,NULL,NULL,NULL,NULL,NULL,NULL,NULL,NULL,NULL,NULL,T'Chaka,NULL,NULL,NULL,NULL,NULL,NULL,NULL,NULL,NULL,NULL,"Stan Lee (writer)Jack Kirby (artist)",Human,NULL,NULL,"Marvel Comics",NULL,NULL,"Black Panther","Superhuman strength, speed, agility, stamina, durability, reflexes, and sensesExpert martial artist",NULL,NULL,Earth,NULL,NULL,NULL,NULL,NULL,NULL,NULL,NULL,NULL,NULL,NULL,NULL,NULL,NULL,NULL
121,"As Minerva:Red Raven Comics #1 (August 1940)As Thena:The Eternals #5 (November 1976)As Corona:New Eternals: Apocalypse Now #1 (February 2000)",NULL,NULL,NULL,NULL,NULL,NULL,NULL,NULL,NULL,NULL,NULL,Thena,NULL,NULL,NULL,NULL,NULL,NULL,NULL,NULL,NULL,NULL,"Martin A. BurnsteinJack Kirby",NULL,NULL,NULL,"Marvel Comics",Azura,"EternalsHeroes for HireStark International","Thena Eliot, Athena, Zura, Betty Sue Bialovsky, Prime Eternal","
Superhuman speed, strength, durability, and regeneration
Energy blasts
Flight
Illusion generation
Matter transmutation
Mind control
Telekinesis
Telepathy
Teleportation
",NULL,NULL,NULL,NULL,NULL,NULL,NULL,NULL,NULL,NULL,NULL,NULL,NULL,NULL,NULL,NULL,NULL,NULL
122,"As Flash Thompson: Amazing Fantasy #15 (Aug. 1962) As Agent Venom: The Amazing Spider-Man #654 (April 2011) As Agent Anti-Venom: Amazing Spider-Man/Venom: Venom Inc. Alpha #1 (Dec. 2017)",NULL,NULL,NULL,NULL,NULL,NULL,NULL,NULL,NULL,NULL,NULL,"Flash Thompson","Eugene Flash Thompson",NULL,NULL,NULL,NULL,NULL,NULL,NULL,NULL,NULL,"Stan Lee Steve Ditko",NULL,NULL,NULL,"Marvel Comics",NULL,"
United States Army
Project Rebirth
Secret Avengers
Thunderbolts
Guardians of the Galaxy
New Warriors
S.H.I.E.L.D.
Agent of Cosmos
","Agent Venom Agent Anti-Venom Venom Space Knight","
Experienced hand to hand combatant
Trained marksman
Alien symbiote grants:
Superhuman strength, agility, reflexes and endurance
Organic webbing
Immunity to Spider Sense
Limited shapeshifting and camouflage
Ability to cling to most surfaces, can create armor by taking pieces from the armor of others and placing it in his venom, and form limbs that he could use
",NULL,NULL,NULL,"Spider-Man Eddie Brock",NULL,NULL,NULL,NULL,NULL,NULL,NULL,NULL,NULL,NULL,NULL,NULL,NULL,NULL
123,"The Avengers #28 (May 1966)",NULL,NULL,NULL,NULL,NULL,NULL,NULL,NULL,NULL,NULL,NULL,Collector,NULL,NULL,NULL,NULL,NULL,NULL,NULL,NULL,NULL,NULL,"Stan LeeDon Heck",NULL,NULL,NULL,"Marvel Comics","Taneleer Tivan","Elders of the Universe",NULL,"Controls the Power Primordial to create virtually unlimited effectsLimited shape-shiftingPrecognitionTelepathyEffective immortalityArmored suit",NULL,NULL,NULL,NULL,NULL,NULL,NULL,NULL,NULL,NULL,NULL,NULL,NULL,NULL,NULL,NULL,NULL,NULL
124,"The Amazing Spider-Man #2 (May 1963)",NULL,NULL,NULL,NULL,NULL,NULL,NULL,NULL,NULL,NULL,NULL,Vulture,NULL,NULL,NULL,NULL,NULL,NULL,NULL,NULL,NULL,NULL,"Stan LeeSteve Ditko",NULL,NULL,NULL,"Marvel Comics","Adrian Toomes","Sinister SixSavage Six",Falcon,"
Genius electrical engineer
Electromagnetic tailored body-harness grants:
Flight
Enhanced physical attributes
",NULL,NULL,NULL,NULL,NULL,NULL,NULL,NULL,NULL,NULL,NULL,NULL,NULL,NULL,NULL,NULL,NULL,NULL
125,"Marvel Super-Heroes #18 (January 1969)",NULL,NULL,NULL,NULL,NULL,NULL,NULL,NULL,NULL,NULL,NULL,Yondu,NULL,NULL,NULL,NULL,NULL,NULL,NULL,NULL,NULL,NULL,NULL,Centaurian,NULL,NULL,"Marvel Comics","Yondu Udonta","Guardians of the GalaxyAvengersRavagers",NULL,"Expert archerEmpathic relationship with all life forms",NULL,NULL,NULL,NULL,NULL,NULL,NULL,NULL,NULL,NULL,NULL,NULL,NULL,NULL,NULL,NULL,NULL,NULL
126,"The Avengers #54 (July 1968) (non-named cameo)The Avengers #55 (August 1968) (first named appearance)",NULL,NULL,NULL,NULL,NULL,NULL,NULL,NULL,NULL,NULL,NULL,Ultron,NULL,NULL,NULL,NULL,NULL,NULL,NULL,NULL,NULL,NULL,"Roy Thomas (writer)John Buscema (artist)",Synthezoid,NULL,NULL,"Marvel Comics",NULL,"Masters of EvilLethal LegionSons of YinsenUltron SentriesPhalanxIron Avengers","Ultron-5, Ultron-6, Ultron-7, Ultron-8, Ultron-9, Ultron-10, Ultron-11, Ultron-12, Ultron-13, Ultron-14, Ultron-15, Ultron-16, Ultron-17, Ultron-18, Ultron Prime, Ultimate Ultron, Hank Pym, Crimson Cowl, Doctor Doom, Ultron Pym","
Artificial intelligence with genius-level intellect
Abilities via robotic body vary but generally include:
Superhuman strength, speed, agility and durability
Flight
Energy blasts
",NULL,NULL,NULL,NULL,NULL,NULL,NULL,NULL,NULL,NULL,NULL,NULL,NULL,NULL,NULL,NULL,NULL,NULL
127,"Tales to Astonish #44 (June 1963)",NULL,NULL,NULL,NULL,NULL,NULL,NULL,NULL,NULL,NULL,NULL,"The Wasp",NULL,NULL,NULL,NULL,NULL,NULL,NULL,NULL,NULL,NULL,"Stan LeeErnie HartJack Kirby","Human mutate",NULL,NULL,"Marvel Comics","Janet van Dyne","AvengersUncanny AvengersAgents of WakandaLady LiberatorsWest Coast AvengersMighty AvengersDefenders","Winsome Wasp","
Size manipulation
Flight via wasp wings
Bio-electric energy blasts
Telepathic insect control
",NULL,"Hank Pym",NULL,NULL,NULL,NULL,NULL,NULL,NULL,NULL,NULL,NULL,NULL,NULL,NULL,NULL,NULL,NULL
128,"(As Whiplash)Tales of Suspense #97 (Jan. 1968)(As Blacklash)Iron Man #146 (May 1981)",NULL,NULL,NULL,NULL,NULL,NULL,NULL,NULL,NULL,NULL,NULL,Blacklash,NULL,NULL,NULL,NULL,NULL,NULL,NULL,NULL,NULL,NULL,"Stan Lee (Writer)Gene Colan (Artist)",NULL,NULL,NULL,"Marvel Comics","Marco Scarlotti[4]","MaggiaDeath SquadSinister Syndicate",Whiplash,"Wears a bulletproof costumeWields a pair of cybernetically-controlled titanium whipsCarries a variety of devices in a weapons pouch",NULL,NULL,NULL,NULL,NULL,NULL,NULL,NULL,NULL,NULL,NULL,NULL,NULL,NULL,NULL,NULL,NULL,NULL
129,"As Volstagg:Journey into Mystery #119 (August 1965)As War Thor:The Mighty Thor vol. 2 #20 (June 2017)",NULL,NULL,NULL,NULL,NULL,NULL,NULL,NULL,NULL,NULL,NULL,Volstagg,Volstagg,NULL,NULL,NULL,NULL,NULL,NULL,NULL,NULL,NULL,"Stan LeeJack Kirby",Asgardian,NULL,NULL,"Marvel Comics",NULL,"Warriors ThreeThor Corps","Volstagg the Valiant, Volstagg the Voluminous, Volstagg the Enormous, Lion of Asgard, War Thor","Superb pugilistMaster of the quarterstaffExcellent battlefield warrior, hand-to-hand combatant, swordsman, horseman and archerSuperhuman strength, speed, agility, stamina and durabilityIncrease mass to become nearly unmovableExtremely long lifespanAbility to consume vast quantities of food and drinkAs War Thor:Lightning generationWeather manipulationFlightDimensional transportation",NULL,NULL,NULL,NULL,NULL,NULL,NULL,NULL,NULL,NULL,NULL,NULL,NULL,NULL,NULL,NULL,NULL,NULL
130,"As Super-Patriot:Captain America #323 (November 1986)As Captain America:Captain America #333 (September 1987)As U.S. Agent:Captain America #354 (June 1989)",NULL,NULL,NULL,NULL,NULL,NULL,NULL,NULL,NULL,NULL,NULL,"U.S. Agent",NULL,NULL,NULL,NULL,NULL,NULL,NULL,NULL,NULL,NULL,"Mark GruenwaldPaul Neary","Human (empowered)",NULL,NULL,"Marvel Comics","John F. Walker","Mighty AvengersOmega FlightNew InvadersS.T.A.R.S.The JuryForce WorksSecret DefendersWest Coast AvengersDark AvengersCommission on Superhuman ActivitiesBold Urban CommandosAstonishing Avengers","Jack Daniels, Super-Patriot, Captain America","Exceptional hand-to-hand combatantHighly trained acrobat and gymnastSuperhuman strength, agility, reflexes/reactions and endurancePeak-level speed, dexterity, coordination and balanceUse of nearly indestructible shield and firearms",NULL,Battlestar,NULL,NULL,NULL,NULL,NULL,NULL,NULL,NULL,NULL,NULL,NULL,NULL,NULL,NULL,NULL,NULL
131,"Shang-Chi and the Legend of the Ten Rings (2021)","Mandarinby Stan Lee    Don Heck Fu Manchuby Sax Rohmer    Steve Englehart    Al Milgrom    Jim StarlinBattleworld Zheng Zuby Haden Blackman    Dalibor Talajic","
Dave Callaham
Destin Daniel Cretton
Andrew Lanham
","Tony Leung",NULL,NULL,NULL,"
Warlord
Crime boss
Terrorist
","Ten Rings","Ten Rings",NULL,Chinese,"Xu Wenwu","Xu Wenwu","The Mandarin, The Warrior King, Master Khan, The Most Dangerous Man on Earth",NULL,NULL,NULL,"Ying Li","
Shang-Chi (son)
Xialing (daughter)
",NULL,"Ying Nan (sister-in-law)",NULL,NULL,NULL,NULL,NULL,NULL,NULL,NULL,NULL,NULL,NULL,NULL,NULL,NULL,NULL,NULL,NULL,NULL,NULL,NULL,NULL,NULL,NULL,NULL,NULL,NULL,NULL,NULL
132,"Yellow Claw #1 (October 1956)",NULL,NULL,NULL,NULL,NULL,NULL,NULL,NULL,NULL,NULL,NULL,"Jimmy Woo",NULL,NULL,NULL,NULL,NULL,NULL,NULL,NULL,NULL,NULL,"Al FeldsteinJoe Maneely",NULL,NULL,NULL,"Marvel Comics","Woo Yen Jet[1]","S.H.I.E.L.D.Agents of AtlasG-MenProtectorsThree Xs",NULL,NULL,NULL,NULL,NULL,NULL,NULL,NULL,NULL,NULL,NULL,NULL,NULL,NULL,NULL,NULL,NULL,NULL,NULL,NULL
133,"Yellow Claw #1 (October 1956)",NULL,NULL,NULL,NULL,NULL,NULL,NULL,NULL,NULL,NULL,NULL,"Jimmy Woo",NULL,NULL,NULL,NULL,NULL,NULL,NULL,NULL,NULL,NULL,"Al FeldsteinJoe Maneely",NULL,NULL,NULL,"Marvel Comics","Woo Yen Jet[1]","S.H.I.E.L.D.Agents of AtlasG-MenProtectorsThree Xs",NULL,NULL,NULL,NULL,NULL,NULL,NULL,NULL,NULL,NULL,NULL,NULL,NULL,NULL,NULL,NULL,NULL,NULL,NULL,NULL
134,"Marvel Super-Heroes #12 (December 1967)",NULL,NULL,NULL,NULL,NULL,NULL,NULL,NULL,NULL,NULL,NULL,Yon-Rogg,NULL,NULL,NULL,NULL,NULL,NULL,NULL,NULL,NULL,NULL,"Stan LeeGene Colan",Kree,NULL,NULL,"Marvel Comics",NULL,NULL,Magnitron,Super-StrengthAgilityStamina,NULL,NULL,NULL,NULL,NULL,NULL,NULL,NULL,NULL,NULL,NULL,NULL,NULL,NULL,NULL,NULL,NULL,NULL
135,"
As Phoenix:
Captain America #168 (Dec. 1973)
As Baron Zemo:
Cameo appearance: Captain America #275 (Nov. 1982)
Full appearance: Captain America #276 (Dec. 1982)
As Citizen V:
The Incredible Hulk vol. 2 #449 (Jan. 1997)
",NULL,NULL,NULL,NULL,NULL,NULL,NULL,NULL,NULL,NULL,NULL,"Helmut Zemo",NULL,NULL,NULL,NULL,NULL,NULL,NULL,NULL,NULL,NULL,"Roy Thomas Tony Isabella Sal Buscema",NULL,NULL,NULL,"Marvel Comics",NULL,"Commission on Superhuman ActivitiesThunderboltsMasters of EvilSecret Empire Hydra","Baron Zemo, Citizen V, Phoenix, Iron Cross, Mark Evanier","
Scientific genius
Master swordsman, marksman and hand-to-hand combatant
Skilled strategist
Superhuman strength, speed and agility
Slowed aging
Possesses the Moonstones
Genius level-intellect
",NULL,NULL,NULL,NULL,NULL,NULL,NULL,NULL,NULL,NULL,NULL,NULL,NULL,NULL,NULL,NULL,NULL,NULL
136,"Captain America and the Falcon #208 (April 1977)",NULL,NULL,NULL,NULL,NULL,NULL,NULL,NULL,NULL,NULL,NULL,"Arnim Zola",NULL,NULL,NULL,NULL,NULL,NULL,NULL,NULL,NULL,NULL,"Jack Kirby",NULL,NULL,NULL,"Marvel Comics",NULL,Hydra,"The Bio-Fanatic","
Genius biochemist and scientist
Specially modified robot body grants:
Superhuman strength and durability
ESP Box
Mind control
Mind ray
Mind transfer
",NULL,"Red Skull",NULL,NULL,NULL,NULL,NULL,NULL,NULL,NULL,NULL,NULL,NULL,NULL,NULL,NULL,NULL,NULL
